Rank,Player,Team,Position,SF,SG,PG,C,PF,id,type,action,MIN,FGM,FGA,FTM,FTA,3PM,REB,AST,STL,BLK,TO,PTS,%ROST,#ERROR!,tot,avg,checked
1,Nikola Jokic,Den,C,False,False,False,False,False,1,,,35.1,10.4,17.7,4.7,5.8,1.0,12.7,9.2,1.4,0.8,3.3,26.7,99.9,0.0,4862.0,63.1,False
2,Luka Doncic,Dal,PG,False,False,False,False,False,2,,,37.0,11.2,23.1,6.9,8.9,3.7,9.1,9.3,1.4,0.5,4.0,33.1,99.9,0.0,4423.0,61.4,False
3,Shai Gilgeous-Alexander,OKC,PG,False,False,False,False,False,3,,,34.8,11.2,21.1,8.1,9.3,1.4,5.6,6.8,2.0,0.9,2.3,32.0,99.9,0.0,4421.0,59.7,False
4,Victor Wembanyama,SA,C,False,False,False,False,False,4,,,33.4,9.2,18.8,4.8,5.8,2.1,12.0,4.4,1.8,4.3,4.1,25.4,99.9,0.0,4418.0,63.1,False
5,Giannis Antetokounmpo,Mil,PF,False,False,False,True,False,5,,,35.4,11.6,19.5,7.5,11.4,0.6,11.9,6.5,1.1,1.1,3.6,31.3,99.9,0.0,4076.0,58.2,False
6,Domantas Sabonis,Sac,C,False,False,False,False,True,6,,,36.1,7.7,13.0,3.7,5.2,0.4,13.6,8.0,0.9,0.6,3.3,19.6,99.9,0.0,4004.0,50.1,False
7,Tyrese Haliburton,Ind,PG,False,True,False,False,False,7,,,34.8,7.7,16.1,3.0,3.5,3.0,4.2,11.5,1.4,0.7,2.5,21.4,99.8,0.1,3770.0,53.9,False
8,Joel Embiid,Phi,C,False,False,False,False,False,8,,,34.4,11.3,21.3,10.2,11.8,1.3,11.0,5.1,1.1,1.7,3.7,34.1,99.8,0.0,3604.0,60.1,False
9,Jayson Tatum,Bos,PF,True,False,False,False,False,9,,,36.0,9.2,19.7,5.9,7.0,3.1,8.2,4.8,1.0,0.6,2.6,27.5,99.9,0.0,3590.0,47.2,False
10,Anthony Edwards,Min,SG,True,False,False,False,False,10,,,36.8,10.0,21.7,5.8,7.1,2.8,5.7,5.1,1.4,0.6,3.2,28.6,99.9,0.0,3576.0,45.8,False
11,Anthony Davis,LAL,C,False,False,False,False,True,11,,,35.9,9.6,17.2,5.7,7.0,0.4,12.7,3.4,1.2,2.3,2.1,25.2,99.9,0.0,3548.0,55.4,False
12,Jalen Brunson,NYP,G,False,False,False,False,False,12,,,35.8,10.2,21.2,5.4,6.4,2.7,3.7,6.7,0.9,0.2,2.4,28.4,99.8,0.1,3492.0,45.9,False
13,Ja Morant,Mem,PG,False,False,False,False,False,13,,,36.2,10.8,22.5,6.5,8.6,1.7,6.4,8.4,1.2,0.4,3.8,29.7,99.5,0.1,3523.0,50.3,False
14,Donovan Mitchell,Cle,SG,False,False,True,False,False,14,,,36.1,9.6,20.5,4.9,5.7,3.5,4.9,5.7,1.7,0.5,2.9,27.5,99.6,0.1,3373.0,48.2,False
15,LeBron James,LAL,SF,False,False,False,False,True,15,,,35.2,9.8,18.4,4.3,5.7,2.1,7.4,8.0,1.2,0.6,3.4,26.0,99.9,0.0,3362.0,51.7,False
16,Trae Young,Atl,PG,False,False,False,False,False,16,,,36.2,8.4,19.3,7.0,8.0,3.0,3.0,10.7,1.3,0.2,4.3,26.7,99.6,0.1,3355.0,47.9,False
17,De'Aaron Fox,Sac,PG,False,False,False,False,False,17,,,36.2,9.8,20.7,4.4,5.9,2.6,4.6,5.8,1.9,0.4,2.7,26.6,99.6,0.1,3352.0,46.6,False
18,Devin Booker,Phx,PG,False,True,False,False,False,18,,,36.6,10.0,20.3,6.3,7.1,2.4,4.6,6.5,0.9,0.4,2.7,28.6,99.8,0.0,3306.0,47.2,False
19,Scottie Barnes,Tor,SF,False,True,False,False,True,19,,,36.3,7.5,15.8,3.2,4.1,1.6,8.3,6.0,1.3,1.4,2.7,19.7,99.5,0.1,3164.0,45.2,False
20,Pascal Siakam,Ind,PF,False,False,False,False,False,20,,,34.3,8.7,16.5,3.9,5.3,1.1,7.3,4.6,0.8,0.4,1.9,22.4,98.8,0.2,3155.0,40.4,False
21,Kevin Durant,Phx,PF,False,False,False,False,False,21,,,36.5,9.8,18.8,4.8,5.6,2.2,6.5,5.0,0.9,1.2,3.2,26.7,99.9,0.0,3132.0,47.5,False
22,Karl-Anthony Towns,NY,C,False,False,False,False,True,22,,,34.9,8.3,16.4,4.5,5.2,2.3,10.7,3.5,0.8,1.2,3.1,23.4,99.2,0.3,3129.0,44.7,False
23,Tyrese Maxey,Phi,PG,False,True,False,False,False,23,,,36.6,8.8,19.4,4.4,5.1,2.9,3.6,5.9,1.0,0.4,1.6,24.9,99.5,0.1,3101.0,43.1,False
24,Damian Lillard,Mil,PG,False,False,False,False,False,24,,,35.6,7.8,18.1,6.9,7.5,3.2,4.4,7.0,0.9,0.3,2.8,25.7,99.6,0.1,3040.0,43.4,False
25,Alperen Sengun,Hou,C,False,False,False,False,False,25,,,33.7,8.0,15.0,3.8,5.5,0.5,9.8,4.9,1.2,0.9,2.8,20.4,98.2,0.3,3076.0,42.7,False
26,James Harden,LAC,PG,False,True,False,False,False,26,,,34.7,5.2,12.0,4.5,5.1,2.6,5.3,8.9,1.1,0.7,2.7,17.4,98.4,0.5,3065.0,42.6,False
27,LaMelo Ball,Cha,PG,False,False,False,False,False,27,,,34.3,8.0,18.8,3.4,3.9,3.3,6.5,8.2,1.7,0.3,3.6,22.7,98.0,0.7,3065.0,46.4,False
28,Cade Cunningham,Det,PG,False,True,False,False,False,28,,,34.9,9.1,19.9,3.9,4.4,2.3,5.2,7.8,1.0,0.4,3.6,24.4,97.5,0.8,3053.0,43.6,False
29,DeMar DeRozan,Sac,SF,False,False,False,False,True,29,,,33.6,8.2,16.6,6.0,6.9,0.7,4.2,4.7,1.0,0.4,1.8,23.1,99.1,0.0,2952.0,38.3,False
30,Paolo Banchero,Orl,PF,True,False,False,False,False,30,,,35.9,8.5,18.7,5.8,7.9,1.7,7.1,5.3,0.9,0.8,3.1,24.6,99.7,0.0,3105.0,40.9,False
31,Nikola Vucevic,Chi,C,False,False,False,False,False,31,,,34.1,7.6,15.5,1.4,1.7,1.3,10.7,3.3,0.7,0.8,1.6,17.9,95.9,0.2,3013.0,38.6,False
32,Chet Holmgren,OKC,C,False,False,False,False,False,32,,,31.1,6.5,12.3,2.8,3.5,1.7,8.4,2.6,0.7,2.4,1.7,17.5,99.3,0.0,3005.0,41.7,False
33,Dejounte Murray,NOS,G,False,False,True,False,False,33,,,33.6,7.6,16.6,2.1,2.6,2.1,5.2,6.2,1.4,0.3,2.4,19.4,98.6,0.0,2981.0,39.2,False
34,Bam Adebayo,Mia,C,False,False,False,False,False,34,,,34.9,7.8,14.7,4.3,5.6,0.2,10.4,3.8,1.2,1.2,2.4,20.0,99.2,0.0,3054.0,42.4,False
35,Jalen Green,Hou,SG,False,False,False,False,False,35,,,34.0,8.7,19.4,4.2,5.1,3.1,5.0,3.7,0.8,0.5,2.5,24.7,98.0,0.2,2957.0,37.4,False
36,Kyrie Irving,Dal,PG,False,True,False,False,False,36,,,34.5,9.5,19.2,3.3,3.6,2.9,4.9,5.1,1.2,0.5,1.8,25.2,99.5,0.0,2943.0,46.0,False
37,Stephen Curry,GSP,G,False,False,False,False,False,37,,,32.4,8.7,19.1,4.1,4.4,4.7,4.7,5.3,0.8,0.4,2.9,26.2,99.8,0.0,3108.0,43.2,False
38,Zion Williamson,NOP,F,False,False,False,False,False,38,,,33.7,10.3,17.8,5.8,8.2,0.3,6.3,5.3,1.2,0.7,3.0,26.6,98.3,0.5,2923.0,45.7,False
39,Jaylen Brown,Bos,SF,False,True,False,False,False,39,,,34.0,9.2,18.5,3.2,4.5,2.2,5.8,3.5,1.2,0.5,2.5,23.8,99.6,0.1,2897.0,39.1,False
40,Desmond Bane,Mem,SG,True,False,False,False,False,40,,,34.9,8.6,18.3,3.2,3.7,3.3,4.8,5.1,1.1,0.5,2.5,23.7,95.9,0.7,2879.0,41.7,False
41,Lauri Markkanen,Utah,PF,True,False,False,False,False,41,,,34.1,8.0,16.6,4.7,5.2,3.2,8.3,2.0,0.9,0.5,1.5,23.8,97.4,0.6,2855.0,40.8,False
42,Jalen Williams,OKC,PF,False,False,False,False,False,42,,,33.2,7.6,14.2,2.6,3.2,1.5,4.3,4.6,1.3,0.8,1.8,19.3,95.9,0.5,2850.0,39.6,False
43,Kawhi Leonard,LAC,SF,False,False,False,False,True,43,,,33.3,8.7,16.6,3.9,4.4,2.0,6.1,3.6,1.5,0.8,1.7,23.2,98.3,0.0,2848.0,44.5,False
44,Jamal Murray,Den,PG,False,False,False,False,False,44,,,32.3,7.9,16.7,2.7,3.2,2.5,4.1,6.5,1.0,0.5,2.2,21.0,97.6,0.1,2824.0,40.9,False
45,Coby White,Chi,PG,False,True,False,False,False,45,,,36.7,7.7,17.2,3.0,3.6,2.7,4.5,5.1,0.7,0.2,2.1,21.1,86.1,3.5,2799.0,35.4,False
46,Rudy Gobert,Min,C,False,False,False,False,False,46,,,33.2,5.3,8.0,3.4,5.2,0.0,12.8,1.3,0.7,2.0,1.6,14.0,91.5,2.2,2798.0,37.8,False
47,Mikal Bridges,NYS,F,False,True,False,False,False,47,,,35.1,6.5,14.0,2.9,3.4,2.1,4.4,3.1,1.1,0.8,1.5,18.1,94.3,1.1,2784.0,34.0,False
48,Miles Bridges,Cha,SF,False,False,False,False,True,48,,,36.8,7.9,16.8,2.8,3.4,2.2,7.2,3.5,0.9,0.6,2.0,20.8,86.6,3.3,2778.0,37.5,False
49,Julius Randle,Min,PF,False,False,False,False,False,49,,,35.8,8.1,18.2,4.9,6.4,2.1,9.8,4.8,0.7,0.6,3.2,23.3,87.6,2.6,2764.0,40.1,False
50,D'Angelo Russell,LAL,PG,False,True,False,False,False,50,,,33.4,6.5,14.4,2.2,2.7,3.0,3.2,6.5,0.9,0.3,2.2,18.3,88.4,1.9,2713.0,36.2,False
51,Jalen Johnson,Atl,PF,False,False,False,False,False,51,,,34.9,6.6,12.9,2.0,2.7,1.3,9.0,3.7,1.2,0.9,1.8,16.4,75.8,8.4,2692.0,38.5,False
52,Paul George,Phi,SF,False,False,False,False,True,52,,,33.1,7.7,16.6,3.7,4.1,3.1,5.3,3.8,1.5,0.5,2.3,22.2,97.9,-0.1,2690.0,40.1,False
53,Jonas Valanciunas,Wsh,C,False,False,False,False,False,53,,,27.2,5.8,10.3,2.3,2.9,0.5,10.2,2.4,0.5,0.9,1.6,14.3,79.6,2.3,2663.0,32.9,False
54,Immanuel Quickley,Tor,PG,False,True,False,False,False,54,,,35.1,6.7,15.5,3.6,4.2,3.0,4.6,5.6,0.9,0.2,1.8,20.0,82.8,1.2,2651.0,36.8,False
55,Myles Turner,Ind,C,False,False,False,False,False,55,,,28.1,6.4,12.1,3.3,4.2,1.6,7.2,1.3,0.5,2.0,1.5,17.6,84.8,1.7,2637.0,35.6,False
56,Franz Wagner,Orl,SF,False,False,False,False,True,56,,,33.7,7.5,15.6,3.8,4.5,1.4,5.4,3.8,1.1,0.6,2.0,20.2,90.8,-0.4,2636.0,36.1,False
57,Kyle Kuzma,Wsh,PF,True,False,False,False,False,57,,,33.4,8.7,18.9,2.7,3.5,2.2,6.9,4.3,0.5,0.7,2.8,22.4,84.8,1.6,2631.0,37.1,False
58,Nic Claxton,Bkn,C,False,False,False,False,False,58,,,30.9,5.4,8.4,1.7,3.0,0.0,10.1,2.1,0.7,2.1,1.3,12.5,82.8,0.2,2628.0,36.5,False
59,Fred VanVleet,Hou,PG,False,False,False,False,False,59,,,32.9,5.4,13.1,2.6,3.0,2.8,3.5,6.9,1.3,0.4,1.7,16.1,83.9,1.2,2610.0,36.8,False
60,Jarrett Allen,Cle,C,False,False,False,False,False,60,,,32.5,6.2,9.6,2.6,3.6,0.0,10.1,1.9,0.8,1.2,1.5,15.0,83.8,1.4,2609.0,35.7,False
61,Anfernee Simons,Por,SG,False,False,True,False,False,61,,,35.2,9.1,20.3,3.9,4.3,3.6,3.6,5.5,0.5,0.1,2.7,25.8,80.8,2.7,2589.0,38.6,False
62,Jimmy Butler,Mia,SF,False,True,False,False,True,62,,,33.5,6.7,13.3,6.7,7.8,0.8,5.4,5.0,1.4,0.3,1.7,21.0,92.9,1.4,2579.0,39.7,False
63,Cam Thomas,Bkn,SG,False,False,False,False,False,63,,,34.0,9.3,20.6,5.6,6.5,2.6,3.5,3.1,0.7,0.3,2.0,26.9,83.8,1.5,2578.0,36.3,False
64,Evan Mobley,Cle,PF,False,False,False,True,False,64,,,32.0,6.4,11.4,2.5,3.6,0.4,9.1,3.0,0.9,1.5,1.8,15.7,91.5,-1.2,2551.0,37.5,False
65,Darius Garland,Cle,PG,False,False,False,False,False,65,,,34.1,7.0,15.4,3.0,3.5,2.4,2.7,7.1,1.3,0.1,3.1,19.3,85.4,0.5,2548.0,35.9,False
66,Daniel Gafford,Dal,C,False,False,False,False,False,66,,,25.4,4.8,6.7,1.8,2.6,0.0,7.6,1.5,0.8,2.0,1.1,11.4,63.6,9.0,2523.0,33.2,False
67,Jrue Holiday,Bos,PG,False,True,False,False,False,67,,,33.1,5.6,11.5,1.3,1.5,2.1,5.3,5.6,1.0,0.7,2.1,14.4,87.3,1.5,2518.0,35.0,False
68,Derrick White,Bos,SG,False,False,True,False,False,68,,,31.3,5.0,10.9,2.0,2.2,2.4,4.0,4.9,0.9,0.9,1.5,14.3,87.7,0.4,2515.0,33.5,False
69,Austin Reaves,LAL,SG,True,False,False,False,False,69,,,33.9,5.7,11.7,3.1,3.6,1.9,4.4,5.5,0.8,0.3,2.2,16.4,87.2,0.2,2507.0,33.0,False
70,CJ McCollum,NOS,G,False,False,True,False,False,70,,,31.4,7.1,15.6,1.8,2.3,3.2,4.1,4.6,0.9,0.5,1.8,19.2,83.5,0.5,2502.0,35.7,False
71,Jaren Jackson Jr.,Mem,C,False,False,False,False,True,71,,,30.9,7.3,16.2,4.7,5.8,1.7,5.8,1.9,1.1,1.9,2.2,21.0,88.9,-0.5,2495.0,37.2,False
72,Zach LaVine,Chi,SG,True,False,False,False,False,72,,,35.6,8.5,17.8,4.7,5.5,2.7,4.6,4.4,0.8,0.3,2.5,24.4,85.7,0.8,2492.0,38.3,False
73,Devin Vassell,SAS,G,True,False,False,False,False,73,,,33.5,7.4,15.7,2.4,3.0,2.5,3.9,4.1,1.1,0.4,1.6,19.6,77.6,-0.3,2480.0,35.4,False
74,Brandon Miller,Cha,SF,False,True,False,False,False,74,,,34.0,7.8,17.2,2.4,2.9,3.2,4.5,2.5,0.9,0.6,1.9,21.2,83.4,1.0,2477.0,33.9,False
75,Brandon Ingram,NOS,F,False,False,False,False,False,75,,,32.8,7.9,16.3,4.1,5.0,1.3,5.1,5.6,0.7,0.6,2.6,21.3,88.6,-1.5,2445.0,37.6,False
76,Josh Giddey,Chi,SG,True,False,False,False,False,76,,,28.9,5.9,12.4,1.3,1.7,1.1,7.3,5.6,0.7,0.5,2.5,14.2,84.6,0.0,2442.0,32.6,False
77,Buddy Hield,GSS,G,True,False,False,False,False,77,,,30.1,5.3,12.2,1.0,1.1,3.2,4.0,3.1,1.0,0.5,1.5,14.8,63.9,9.0,2420.0,29.5,False
78,Michael Porter Jr.,Den,SF,False,False,False,False,False,78,,,32.3,7.1,14.6,1.7,2.1,3.1,6.9,1.5,0.6,0.6,1.2,19.0,80.2,0.5,2388.0,33.6,False
79,Jalen Duren,Det,C,False,False,False,False,False,79,,,30.7,5.6,9.0,2.3,3.1,0.0,11.9,2.2,0.6,0.9,2.1,13.6,76.3,1.0,2388.0,33.2,False
80,Kristaps Porzingis,Bos,C,False,False,False,False,True,80,,,30.3,7.0,13.9,4.8,5.6,1.9,7.5,2.2,0.8,1.8,1.7,20.8,86.0,-1.6,2374.0,40.9,False
81,Bradley Beal,Phx,SF,False,True,False,False,False,81,,,33.6,7.6,15.0,2.6,3.1,1.8,4.3,5.2,1.0,0.5,2.6,19.5,78.7,1.2,2371.0,36.5,False
82,Collin Sexton,Utah,SG,False,False,True,False,False,82,,,27.3,6.6,13.6,4.2,4.9,1.6,2.7,5.0,0.8,0.2,2.2,19.1,74.0,1.9,2371.0,32.0,False
83,Tyler Herro,Mia,SG,False,False,True,False,False,83,,,33.8,7.6,17.2,2.5,2.8,3.1,5.3,4.3,0.7,0.1,2.3,20.7,80.3,0.0,2371.0,33.9,False
84,Tobias Harris,Det,PF,True,False,False,False,False,84,,,32.9,6.3,12.8,2.4,2.7,1.3,6.2,2.9,0.9,0.6,1.3,16.2,77.1,-0.5,2364.0,32.4,False
85,Terry Rozier,Mia,PG,False,True,False,False,False,85,,,30.8,6.7,15.3,2.5,2.9,2.3,3.7,4.9,1.0,0.3,1.6,18.2,74.1,0.8,2353.0,33.6,False
86,Bogdan Bogdanovic,Atl,SG,True,False,False,False,False,86,,,31.8,6.2,14.3,1.9,2.1,3.1,3.6,3.3,1.2,0.3,1.4,17.4,73.2,1.2,2347.0,31.7,False
87,Klay Thompson,Dal,SG,True,False,False,False,False,87,,,33.1,7.2,16.6,1.8,2.0,3.9,3.7,2.5,0.7,0.5,1.7,20.2,79.3,2.2,2326.0,31.9,False
88,Russell Westbrook,Den,PG,False,False,False,False,False,88,,,28.3,5.6,12.6,2.3,3.4,0.9,6.1,6.1,1.2,0.4,2.9,14.5,62.0,7.2,2323.0,31.8,False
89,Grayson Allen,Phx,SG,False,False,True,False,False,89,,,34.1,4.6,9.4,1.8,2.0,2.8,4.0,2.9,1.0,0.5,1.2,13.6,44.3,10.9,2166.0,29.3,False
90,Amen Thompson,Hou,SF,False,False,False,False,True,90,,,28.1,4.8,9.0,2.2,3.1,0.4,8.3,3.3,1.6,0.8,1.8,12.1,75.6,1.3,2308.0,33.0,False
91,Jusuf Nurkic,Phx,C,False,False,False,False,False,91,,,27.9,4.6,8.9,2.4,3.7,0.4,10.9,3.8,1.1,1.0,2.4,12.0,72.6,-0.7,2305.0,33.4,False
92,Trayce Jackson-Davis,GSP,F,False,False,False,True,False,92,,,24.7,5.2,7.2,1.7,2.9,0.0,7.4,1.8,0.6,1.7,1.1,12.0,47.3,11.2,2298.0,31.9,False
93,Keegan Murray,Sac,PF,True,False,False,False,False,93,,,33.2,5.4,12.0,1.2,1.5,2.5,5.3,1.6,1.0,0.7,0.8,14.6,81.4,-1.8,2298.0,29.5,False
94,Isaiah Hartenstein,OKC,C,False,False,False,False,False,94,,,27.4,3.4,5.5,1.5,2.1,0.1,8.9,2.6,1.2,1.2,1.3,8.4,54.7,8.7,2296.0,30.2,False
95,Josh Hart,NYS,F,False,True,False,False,False,95,,,34.1,3.9,8.5,1.4,1.8,1.0,8.4,4.1,1.0,0.6,1.6,10.1,70.0,4.5,2293.0,29.8,False
96,Brook Lopez,Mil,C,False,False,False,False,False,96,,,29.7,4.9,9.8,1.5,1.8,1.8,5.4,1.5,0.5,2.3,1.1,13.0,73.2,-0.2,2289.0,31.8,False
97,Mark Williams,Cha,C,False,False,False,False,False,97,,,28.9,5.6,8.6,2.6,3.6,0.0,10.5,1.2,0.9,1.2,1.0,13.7,59.3,-0.3,2273.0,34.4,False
98,RJ Barrett,Tor,SF,False,True,False,False,False,98,,,34.2,7.9,16.4,3.9,5.4,1.7,5.8,3.4,0.6,0.4,2.3,21.4,76.2,-0.6,2271.0,32.9,False
99,Bobby Portis,Mil,PF,False,False,False,False,False,99,,,26.0,5.9,11.7,1.3,1.6,1.4,8.2,1.3,0.8,0.4,1.2,14.4,67.0,-0.1,2266.0,28.7,False
100,Clint Capela,Atl,C,False,False,False,False,False,100,,,25.4,4.8,8.2,1.5,2.5,0.0,10.5,1.1,0.6,1.4,0.9,11.2,68.2,-1.2,2263.0,30.6,False
101,Jakob Poeltl,Tor,C,False,False,False,False,False,101,,,27.4,5.3,8.1,1.3,2.3,0.0,9.0,2.7,0.7,1.5,1.6,11.8,65.0,-1.5,2257.0,33.2,False
102,Jaime Jaquez Jr.,Mia,SF,False,True,False,False,False,102,,,32.0,5.9,12.0,2.7,3.3,1.3,4.3,3.0,1.2,0.6,1.7,15.8,46.3,10.7,2254.0,30.5,False
103,Jonathan Kuminga,GSP,F,False,False,False,False,False,103,,,29.6,6.6,12.6,3.1,4.3,0.9,5.3,2.4,0.8,0.8,1.9,17.3,75.4,0.3,2254.0,30.5,False
104,Malcolm Brogdon,Wsh,PG,False,True,False,False,False,104,,,31.9,6.4,13.9,3.1,3.6,2.2,4.8,5.3,0.8,0.3,1.8,18.0,55.9,0.0,2252.0,34.6,False
105,Aaron Gordon,Den,PF,False,False,False,False,False,105,,,31.2,5.6,10.2,2.5,3.8,0.7,6.4,3.3,0.8,0.6,1.5,14.4,70.6,-2.6,2252.0,30.4,False
106,Deni Avdija,Por,SF,False,False,False,False,True,106,,,29.7,5.2,10.4,2.6,3.5,1.1,7.1,3.7,0.8,0.5,2.1,14.1,56.1,4.8,2240.0,29.9,False
107,Naz Reid,Min,C,False,False,False,False,True,107,,,25.7,5.4,11.2,1.5,2.1,2.1,5.8,1.4,0.8,1.0,1.5,14.5,71.4,3.2,2216.0,28.4,False
108,Dennis Schroder,Bkn,PG,False,False,False,False,False,108,,,31.3,5.0,11.5,2.4,2.9,1.6,3.0,5.8,0.8,0.2,1.9,14.0,47.9,4.9,2211.0,28.3,False
109,Jabari Smith Jr.,Hou,PF,False,False,False,True,False,109,,,32.7,5.0,11.4,2.1,2.6,1.8,8.1,1.5,0.7,0.9,1.3,13.9,73.9,-2.0,2210.0,28.7,False
110,P.J. Washington,Dal,PF,False,False,False,False,False,110,,,33.3,5.3,12.2,1.5,2.2,2.0,6.1,2.2,1.1,0.9,1.5,14.2,46.9,5.9,2181.0,29.5,False
111,Tyus Jones,Phx,PG,False,False,False,False,False,111,,,27.3,4.6,9.6,0.6,0.8,1.5,2.6,6.6,1.0,0.2,0.9,11.3,63.9,-2.4,2168.0,31.0,False
112,Donte DiVincenzo,Min,SG,False,False,False,False,False,112,,,30.2,5.3,12.0,1.1,1.4,3.3,4.1,3.0,1.4,0.4,1.5,15.0,66.4,5.6,2311.0,30.8,False
113,Reed Sheppard,Hou,SG,False,False,False,False,False,113,,,28.6,5.1,11.1,2.5,2.9,2.1,3.2,4.6,1.1,0.5,1.8,14.8,45.8,9.1,2154.0,30.8,False
114,Walker Kessler,Utah,C,False,False,False,False,False,114,,,24.5,3.9,5.8,1.0,1.8,0.0,8.3,1.0,0.5,2.5,1.0,8.9,65.3,-4.3,2133.0,30.5,False
115,Caris LeVert,Cle,SG,True,False,False,False,False,115,,,29.3,5.1,11.9,2.2,2.9,1.6,4.0,4.8,1.1,0.5,1.7,13.9,50.5,2.5,2130.0,29.6,False
116,Mike Conley,Min,PG,False,False,False,False,False,116,,,27.2,3.7,8.3,1.4,1.6,2.1,2.7,5.6,1.1,0.2,1.3,11.0,50.1,1.7,2116.0,28.6,False
117,Jaden Ivey,Det,SG,False,False,False,False,False,117,,,31.8,5.9,13.8,3.4,4.5,1.7,3.8,4.6,0.8,0.5,2.9,16.8,48.6,3.8,2112.0,27.8,False
118,John Collins,Utah,PF,False,False,False,False,False,118,,,28.2,5.8,10.9,2.1,2.7,1.2,8.3,1.2,0.6,0.9,1.4,14.9,59.7,-2.8,2111.0,30.2,False
119,Jordan Poole,Wsh,SG,False,False,True,False,False,119,,,27.8,5.8,14.0,2.5,2.8,2.2,2.5,4.1,1.0,0.3,2.3,16.3,73.1,0.0,2109.0,27.0,False
120,Khris Middleton,Mil,SF,False,False,False,False,False,120,,,29.0,6.2,13.0,2.3,2.7,1.9,5.0,5.6,1.0,0.3,2.5,16.6,67.0,-3.5,2105.0,34.0,False
121,Jerami Grant,Por,PF,False,False,False,False,False,121,,,33.5,6.9,15.1,4.6,5.6,2.1,3.7,2.6,0.8,0.7,2.0,20.4,62.5,-1.1,2102.0,30.9,False
122,Brandin Podziemski,GSS,G,False,False,False,False,False,122,,,29.3,4.1,8.9,0.8,1.2,1.4,6.4,4.1,0.9,0.4,1.3,10.5,29.7,7.2,2102.0,28.0,False
123,Deandre Ayton,Por,C,False,False,False,False,False,123,,,28.8,7.1,12.2,1.3,1.7,0.0,9.8,1.5,0.8,0.7,1.6,15.5,72.0,-4.2,2099.0,32.8,False
124,Ausar Thompson,Det,SF,False,False,False,False,True,124,,,29.5,4.4,8.9,1.4,2.2,0.4,7.5,2.2,1.3,1.1,1.6,10.6,48.0,-2.9,2079.0,28.5,False
125,Zach Edey,Mem,C,False,False,False,False,False,125,,,25.9,6.1,10.9,2.2,3.1,0.0,6.7,1.1,0.7,1.6,1.6,14.4,46.3,10.0,2079.0,29.7,False
126,Draymond Green,GSP,F,False,False,False,True,False,126,,,27.5,3.3,6.4,1.0,1.4,0.8,7.0,6.1,1.0,0.8,2.5,8.3,60.0,-3.0,2046.0,30.1,False
127,Stephon Castle,SAP,G,False,False,False,False,False,127,,,28.9,5.5,11.9,2.8,3.7,1.1,3.1,3.7,1.4,0.8,2.1,14.9,27.7,8.0,2045.0,29.2,False
128,Ayo Dosunmu,Chi,SG,False,False,False,False,False,128,,,31.3,4.8,9.6,1.1,1.4,1.5,3.1,3.4,0.9,0.6,1.5,12.2,29.4,-4.1,2024.0,26.3,False
129,OG Anunoby,NYS,F,False,False,False,False,True,129,,,33.6,5.6,11.5,1.4,1.8,2.0,4.2,2.1,1.4,0.7,1.6,14.6,64.8,-0.6,1943.0,29.4,False
130,Malik Monk,Sac,SG,True,False,False,False,False,130,,,25.1,5.2,11.7,2.2,2.6,2.0,2.9,4.6,0.6,0.5,2.0,14.6,38.5,0.7,2010.0,27.5,False
131,Ivica Zubac,LAC,C,False,False,False,False,False,131,,,26.7,4.8,7.4,1.9,2.6,0.0,9.3,1.3,0.3,1.2,1.2,11.4,36.1,-5.1,2008.0,28.3,False
132,Keldon Johnson,SAS,F,False,False,False,False,False,132,,,29.8,5.8,12.8,2.6,3.3,1.9,5.5,2.8,0.7,0.4,1.5,16.1,37.3,-8.0,2002.0,28.6,False
133,Donovan Clingan,Por,C,False,False,False,False,False,133,,,22.8,4.3,7.7,1.2,1.8,0.2,5.7,1.9,0.6,2.2,1.4,10.0,13.4,2.5,1984.0,28.3,False
134,Kelly Oubre Jr.,Phi,SF,False,True,False,False,False,134,,,30.8,5.9,13.3,2.6,3.5,1.6,5.1,1.5,1.2,0.7,1.3,15.9,27.6,0.0,1973.0,28.2,False
135,Herbert Jones,NOS,F,False,False,False,False,True,135,,,30.3,3.8,7.7,1.8,2.1,1.3,3.7,2.5,1.4,0.8,1.2,10.7,21.6,1.0,1971.0,26.6,False
136,Dereck Lively II,Dal,C,False,False,False,False,False,136,,,25.8,4.3,5.9,0.9,1.6,0.0,7.5,1.2,0.7,1.5,1.0,9.4,27.7,1.1,1964.0,28.1,False
137,Kelly Olynyk,Tor,C,False,False,False,False,True,137,,,23.0,3.6,6.6,2.0,2.4,0.8,5.3,4.3,0.9,0.4,2.0,10.0,7.9,1.3,1963.0,26.2,False
138,Cameron Johnson,Bkn,SF,False,False,False,False,True,138,,,30.5,5.3,11.7,1.8,2.2,2.7,4.8,2.4,1.0,0.3,1.0,15.0,29.8,-4.4,1962.0,28.9,False
139,Scoot Henderson,Por,PG,False,False,False,False,False,139,,,31.8,6.2,15.3,3.4,4.1,1.7,3.5,6.1,0.9,0.2,3.8,17.4,56.1,-2.4,1957.0,28.0,False
140,Jeremy Sochan,SAP,F,False,False,False,False,False,140,,,31.9,5.1,11.5,1.6,2.2,0.9,6.8,3.5,0.9,0.6,2.1,12.8,7.8,2.2,1950.0,27.5,False
141,Trey Murphy III,NOS,F,False,True,False,False,False,141,,,28.5,4.6,10.1,2.0,2.4,2.7,4.3,1.8,0.9,0.5,0.6,13.8,32.3,-8.8,1916.0,27.4,False
142,Andre Drummond,Phi,C,False,False,False,False,False,142,,,19.5,3.8,6.7,1.7,3.0,0.0,10.1,0.7,1.1,0.7,1.3,9.3,7.5,1.7,1899.0,25.0,False
143,Max Strus,Cle,SF,False,True,False,False,False,143,,,31.1,4.3,10.3,1.1,1.3,2.5,4.4,3.4,0.8,0.3,1.4,12.2,9.1,0.8,1888.0,25.5,False
144,Onyeka Okongwu,Atl,C,False,False,False,False,False,144,,,25.8,4.2,6.7,1.8,2.3,0.3,7.2,1.3,0.6,1.2,0.9,10.4,27.5,-9.2,1870.0,27.1,False
145,Chris Paul,SAP,G,False,False,False,False,False,145,,,25.7,3.5,8.0,0.8,1.0,1.3,3.7,6.7,1.2,0.1,1.3,9.2,52.9,-4.1,1865.0,29.1,False
146,Tre Jones,SAP,G,False,False,False,False,False,146,,,23.8,3.4,6.8,1.2,1.4,0.7,3.2,5.3,0.9,0.1,1.3,8.7,16.3,-4.1,1856.0,24.4,False
147,Shaedon Sharpe,Por,SG,True,False,False,False,False,147,,,34.4,5.7,13.9,3.0,3.7,1.9,5.1,2.9,0.9,0.4,2.3,16.4,40.7,-12.2,1846.0,26.8,False
148,Jalen Suggs,Orl,PG,False,True,False,False,False,148,,,27.4,4.4,9.8,1.7,2.3,1.9,3.2,3.0,1.4,0.6,1.9,12.5,19.4,1.8,1841.0,26.3,False
149,Jordan Clarkson,Utah,SG,False,False,False,False,False,149,,,30.9,6.3,15.1,3.2,3.7,1.8,3.5,4.9,0.6,0.1,2.7,17.6,34.0,-6.9,1837.0,27.0,False
150,Harrison Barnes,SAP,F,False,False,False,False,False,150,,,30.7,4.4,9.4,3.0,3.6,1.8,3.8,1.5,0.7,0.1,0.9,13.6,6.4,0.8,1821.0,22.5,False
151,Terance Mann,LAC,SG,True,False,False,False,False,151,,,31.3,4.4,8.5,1.4,1.7,1.2,4.5,2.3,0.7,0.3,0.9,11.3,5.0,1.5,1819.0,23.6,False
152,T.J. McConnell,Ind,PG,False,False,False,False,False,152,,,18.7,4.5,8.1,0.7,0.9,0.3,2.8,5.5,1.0,0.1,1.6,10.0,5.4,0.9,1818.0,26.0,False
153,Kentavious Caldwell-Pope,Orl,SG,False,False,False,False,False,153,,,31.4,3.7,8.1,1.4,1.6,1.7,2.6,2.4,1.3,0.5,1.0,10.5,8.1,0.3,1818.0,23.9,False
154,Norman Powell,LAC,SG,True,False,False,False,False,154,,,29.2,5.6,11.6,2.4,2.9,2.4,2.9,1.3,0.7,0.3,1.1,16.0,5.7,1.5,1817.0,24.9,False
155,Bennedict Mathurin,Ind,SF,False,True,False,False,False,155,,,30.3,5.8,13.1,3.9,4.7,1.5,4.6,2.2,0.7,0.4,1.9,17.1,9.8,2.9,1816.0,25.9,False
156,Corey Kispert,Wsh,SF,False,True,False,False,False,156,,,27.5,5.0,10.3,1.5,2.0,2.4,3.0,2.0,0.5,0.2,1.2,13.9,3.1,1.0,1805.0,22.8,False
157,Bojan Bogdanovic,Bkn,PF,True,False,False,False,False,157,,,30.2,6.4,13.8,2.9,3.5,2.6,3.4,2.0,0.6,0.1,2.0,18.2,4.8,0.6,1777.0,25.4,False
158,Jalen Smith,Chi,PF,False,False,False,True,False,158,,,21.5,4.6,8.2,1.6,2.2,1.1,6.9,1.2,0.4,0.8,1.0,11.8,3.6,0.8,1802.0,25.4,False
159,Kel'el Ware,Mia,C,False,False,False,False,False,159,,,22.1,4.5,7.9,2.1,2.9,0.5,5.2,0.9,0.8,1.3,1.1,11.7,4.0,1.2,1800.0,25.7,False
160,Alex Caruso,OKC,SG,False,False,True,False,False,160,,,26.0,3.0,6.5,0.9,1.2,1.6,3.4,3.2,1.5,0.8,1.3,8.5,25.5,-0.3,1797.0,25.7,False
161,Wendell Carter Jr.,Orl,C,False,False,False,False,False,161,,,26.9,4.6,8.7,1.9,2.7,1.2,7.7,2.0,0.6,0.5,1.4,12.3,4.0,0.9,1796.0,26.4,False
162,Cole Anthony,Orl,PG,False,False,False,False,False,162,,,23.8,4.3,9.9,2.3,2.8,1.2,4.1,3.3,0.8,0.4,1.6,12.2,4.5,0.4,1795.0,23.9,False
163,Marcus Smart,Mem,SG,False,False,True,False,False,163,,,30.4,4.4,10.4,1.8,2.4,1.9,3.0,5.2,1.7,0.3,2.6,12.5,13.4,2.9,1791.0,28.4,False
164,Spencer Dinwiddie,Dal,PG,False,True,False,False,False,164,,,26.5,3.5,8.6,2.3,2.8,1.6,2.7,4.6,0.6,0.3,1.2,10.9,4.6,0.0,1784.0,23.5,False
165,Matas Buzelis,Chi,SF,False,False,False,False,False,165,,,28.3,5.0,10.9,1.6,1.9,0.4,4.8,2.7,1.1,0.7,1.6,12.0,6.6,0.9,1778.0,25.4,False
166,Gary Trent Jr.,Mil,SG,False,False,False,False,False,166,,,29.5,5.4,12.7,1.5,1.8,2.6,2.6,1.7,1.2,0.3,0.7,14.8,4.2,0.6,1805.0,25.8,False
167,De'Anthony Melton,GSP,G,False,True,False,False,False,167,,,26.6,3.7,9.2,1.4,1.7,2.0,3.9,2.8,1.6,0.5,1.2,10.7,6.3,0.7,1771.0,26.0,False
168,Kyle Anderson,GSS,F,False,False,False,False,True,168,,,23.5,2.8,5.9,1.3,1.8,0.3,4.0,4.2,1.0,0.7,1.2,7.1,2.7,0.3,1767.0,23.3,False
169,Aaron Nesmith,Ind,SF,False,False,False,False,False,169,,,27.4,4.3,8.8,1.5,1.9,1.9,3.8,1.5,0.9,0.6,0.9,11.9,3.1,0.3,1762.0,24.1,False
170,Andrew Wiggins,GSS,F,False,False,False,False,True,170,,,28.2,5.4,11.7,1.9,2.6,1.5,4.6,1.8,0.7,0.6,1.3,14.1,15.9,-1.7,1757.0,24.7,False
171,Royce O'Neale,Phx,SF,False,False,False,False,False,171,,,26.7,2.8,6.9,0.4,0.6,1.9,4.8,2.9,0.8,0.6,1.0,7.9,2.2,0.2,1751.0,22.4,False
172,Grant Williams,Cha,PF,False,False,False,False,False,172,,,30.4,3.8,8.2,1.5,1.9,1.8,4.7,2.3,0.6,0.6,1.4,10.8,1.7,0.5,1749.0,22.7,False
173,Al Horford,Bos,C,False,False,False,False,True,173,,,25.9,3.2,6.3,0.4,0.5,1.6,6.1,2.5,0.6,0.9,0.7,8.4,12.6,0.3,1727.0,25.8,False
174,Alex Sarr,Wsh,C,False,False,False,False,True,174,,,26.7,4.1,9.1,2.4,3.2,0.9,6.4,1.1,0.7,1.4,1.7,11.6,22.7,2.8,1717.0,24.5,False
175,Rui Hachimura,LAL,PF,True,False,False,False,False,175,,,27.1,5.3,10.1,1.5,2.0,1.4,4.5,1.2,0.6,0.4,0.7,13.6,10.4,2.1,1716.0,24.5,False
176,Nick Richards,Cha,C,False,False,False,False,False,176,,,25.5,3.8,5.6,2.1,2.8,0.0,7.9,0.8,0.4,1.1,1.1,9.7,2.3,0.5,1697.0,24.2,False
177,Keyonte George,Utah,PG,False,True,False,False,False,177,,,28.6,4.8,11.5,2.7,3.1,2.1,3.0,4.7,0.5,0.1,2.7,14.4,15.9,0.3,1693.0,23.5,False
178,Luguentz Dort,OKC,SG,True,False,False,False,False,178,,,28.9,3.9,9.3,1.9,2.4,1.9,3.8,1.6,0.9,0.5,1.0,11.7,5.4,0.3,1681.0,22.4,False
179,Payton Pritchard,Bos,PG,False,False,False,False,False,179,,,21.6,3.5,7.6,0.6,0.7,1.8,3.1,3.3,0.5,0.1,0.7,9.4,4.7,1.7,1680.0,21.3,False
180,Taylor Hendricks,Utah,PF,False,False,False,False,False,180,,,28.1,3.6,7.9,0.8,1.0,1.8,6.1,1.1,0.9,1.0,0.9,9.7,2.7,1.0,1668.0,24.5,False
181,Steven Adams,Hou,C,False,False,False,False,False,181,,,22.7,2.5,4.5,1.2,2.3,0.0,8.8,2.8,0.7,0.7,1.3,6.2,1.9,0.6,1648.0,22.9,False
182,Duncan Robinson,Mia,SF,False,False,False,False,False,182,,,29.3,4.6,10.4,1.2,1.3,2.9,2.7,2.7,0.7,0.2,1.4,13.2,2.4,0.4,1648.0,23.5,False
183,Andrew Nembhard,Ind,PG,False,True,False,False,False,183,,,27.8,4.2,8.6,0.7,0.9,1.0,2.4,4.6,1.0,0.1,1.7,10.2,3.7,0.9,1647.0,23.5,False
184,Obi Toppin,Ind,PF,False,False,False,False,False,184,,,20.2,3.8,6.9,0.9,1.2,1.3,3.7,1.5,0.5,0.5,0.8,9.8,3.3,0.0,1640.0,20.8,False
185,Zaccharie Risacher,Atl,SF,False,False,False,False,True,185,,,29.6,5.3,11.9,1.6,1.9,0.4,4.9,2.3,0.9,0.7,1.8,12.5,18.7,3.9,1639.0,23.4,False
186,Kevin Huerter,Sac,SG,True,False,False,False,False,186,,,25.3,4.2,9.2,0.7,0.9,2.0,3.4,2.6,0.8,0.3,0.9,11.1,23.6,-9.7,1627.0,23.2,False
187,Jaden McDaniels,Min,SF,False,False,False,False,False,187,,,30.3,4.4,9.0,0.9,1.3,1.3,3.5,1.5,0.9,0.7,1.3,11.1,9.7,0.5,1624.0,22.2,False
188,Bruce Brown,Tor,SG,True,False,False,False,False,188,,,26.7,4.0,8.3,1.6,2.0,0.8,4.1,2.8,0.9,0.3,1.2,10.4,1.7,0.0,1604.0,22.6,False
189,Vince Williams Jr.,Mem,SG,False,False,True,False,False,189,,,26.6,3.1,7.1,1.8,2.3,1.4,5.3,3.2,0.9,0.6,1.7,9.5,1.6,0.3,1579.0,23.9,False
190,Santi Aldama,Mem,PF,False,False,False,True,False,190,,,24.6,3.7,8.4,1.0,1.5,1.5,5.4,1.9,0.6,0.8,1.0,9.9,2.0,0.1,1567.0,22.7,False
191,Paul Reed,Det,C,False,False,False,False,True,191,,,18.1,2.9,5.4,0.7,1.0,0.2,5.6,1.2,0.8,1.0,0.8,6.8,1.3,0.2,1564.0,20.9,False
192,Ron Holland II,Det,SF,False,False,False,False,False,192,,,24.9,4.1,9.2,1.0,1.3,0.2,5.7,1.6,0.9,0.9,1.1,9.5,2.3,0.3,1564.0,22.3,False
193,Isaiah Stewart,Det,C,False,False,False,False,True,193,,,29.6,3.9,8.2,1.5,2.0,1.3,7.2,1.5,0.4,0.8,1.4,10.6,1.8,0.4,1561.0,23.3,False
194,Patrick Williams,Chi,PF,False,False,False,False,False,194,,,30.6,4.2,9.3,1.3,1.7,1.5,4.3,1.7,1.0,0.9,1.5,11.2,2.0,0.4,1560.0,23.6,False
195,Scotty Pippen Jr.,Mem,PG,False,False,False,False,False,195,,,21.3,4.0,8.2,1.7,2.3,1.2,2.7,3.9,1.5,0.4,2.2,10.9,3.2,0.7,1556.0,25.1,False
196,Bilal Coulibaly,Wsh,SF,False,False,False,False,False,196,,,30.4,3.4,7.6,1.6,2.3,1.2,4.5,2.1,1.0,0.8,1.5,9.6,2.2,0.5,1550.0,22.1,False
197,Tim Hardaway Jr.,Det,SG,True,False,False,False,False,197,,,25.6,4.6,11.4,1.7,2.0,2.5,3.1,1.7,0.5,0.1,0.8,13.3,3.4,0.0,1544.0,20.6,False
198,Brandon Clarke,Mem,PF,False,False,False,False,False,198,,,19.5,4.2,6.5,1.6,2.3,0.0,5.5,1.3,0.6,0.8,0.8,10.1,1.2,0.3,1531.0,23.6,False
199,Derrick Jones Jr.,LAC,SF,False,False,False,False,False,199,,,27.6,3.7,7.5,1.6,2.2,1.2,4.1,1.1,0.8,0.8,1.0,10.1,1.0,0.3,1527.0,21.2,False
200,Tre Mann,Cha,PG,False,False,False,False,False,200,,,24.5,3.7,8.7,1.1,1.4,1.3,3.5,3.4,1.1,0.1,1.5,9.9,2.2,1.3,1526.0,21.8,False
201,Robert Williams III,Por,C,False,False,False,False,False,201,,,20.6,3.1,4.2,0.7,1.0,0.0,7.0,1.3,0.6,1.3,0.8,6.9,1.7,0.0,1525.0,24.2,False
202,Cam Whitmore,Hou,SF,False,False,False,False,False,202,,,21.3,5.2,11.3,1.9,2.7,1.9,4.4,0.8,0.7,0.4,1.1,14.3,3.3,0.6,1523.0,22.7,False
203,Cody Williams,Utah,SG,False,False,False,False,False,203,,,23.8,4.5,9.3,1.9,2.2,1.3,2.7,2.1,0.4,0.8,1.6,12.1,1.5,0.2,1484.0,21.2,False
204,Dorian Finney-Smith,Bkn,PF,True,False,False,False,False,204,,,29.3,3.2,7.6,0.6,0.8,1.8,4.7,1.6,0.9,0.5,0.9,8.8,1.0,0.1,1481.0,20.9,False
205,De'Andre Hunter,Atl,SF,False,False,False,False,True,205,,,27.3,4.9,10.6,2.5,3.0,1.7,3.6,1.3,0.6,0.3,1.3,13.9,2.6,0.0,1478.0,21.4,False
206,Caleb Martin,Phi,SG,True,False,False,False,False,206,,,28.3,3.8,8.6,1.3,1.6,1.3,4.6,2.1,0.8,0.5,1.2,10.1,1.7,0.0,1473.0,21.7,False
207,Reggie Jackson,Phi,PG,False,False,False,False,False,207,,,22.1,4.0,9.4,1.0,1.2,1.3,2.0,3.6,0.5,0.1,1.4,10.2,1.2,0.0,1472.0,18.6,False
208,Luke Kennard,Mem,SG,False,False,False,False,False,208,,,25.1,3.6,7.8,0.9,1.0,2.6,2.9,2.8,0.5,0.1,1.2,10.7,1.0,0.1,1471.0,21.0,False
209,Kevin Porter Jr.,LAC,SG,False,False,False,False,False,209,,,23.2,4.2,9.9,1.7,2.5,1.8,3.3,4.4,0.9,0.3,2.3,11.9,3.4,0.4,1466.0,23.6,False
210,Tari Eason,Hou,SF,False,False,False,False,False,210,,,20.6,3.6,7.9,1.1,1.6,0.7,6.1,1.1,1.2,0.7,1.1,9.1,2.1,-0.1,1455.0,22.4,False
211,Moritz Wagner,Orl,C,False,False,False,False,False,211,,,17.8,4.0,6.9,2.1,2.6,0.6,4.3,1.3,0.5,0.3,1.2,10.7,1.3,0.1,1445.0,19.5,False
212,Peyton Watson,Den,SF,False,False,False,False,False,212,,,20.5,2.9,6.2,1.0,1.5,0.6,3.6,1.2,0.6,1.2,0.8,7.4,0.7,0.1,1434.0,18.6,False
213,Zach Collins,SA,C,False,False,False,False,True,213,,,20.2,3.9,7.9,1.6,2.1,0.7,5.2,2.5,0.5,0.7,1.8,10.2,1.3,0.0,1431.0,21.7,False
214,Kevon Looney,GS,C,False,False,False,False,False,214,,,18.3,2.2,3.6,0.8,1.3,0.0,6.6,2.0,0.5,0.5,0.7,5.2,2.8,-0.4,1419.0,18.7,False
215,Dalton Knecht,LAL,SG,False,False,False,False,False,215,,,21.6,3.9,9.2,2.0,2.4,1.6,3.8,1.6,1.0,0.5,1.9,11.3,5.2,0.8,1418.0,20.3,False
216,Josh Richardson,Mia,SG,True,False,False,False,False,216,,,25.0,3.6,8.2,1.2,1.3,1.6,2.8,2.4,0.7,0.3,1.0,10.0,0.5,0.1,1407.0,20.1,False
217,Precious Achiuwa,NYP,F,False,False,False,True,False,217,,,17.8,2.6,5.4,0.8,1.3,0.3,5.3,1.0,0.5,0.7,0.9,6.5,3.4,-0.6,1156.0,16.5,False
218,Kevin Love,Mia,PF,False,False,False,True,False,218,,,18.2,3.0,7.1,1.5,1.9,1.7,6.3,2.1,0.3,0.2,1.0,9.3,2.3,-0.1,1390.0,20.1,False
219,Marvin Bagley III,Wsh,PF,False,False,False,True,False,219,,,22.6,4.8,8.8,1.8,2.4,0.3,6.5,0.9,0.4,0.6,1.0,11.6,1.4,0.1,1388.0,22.4,False
220,Dillon Brooks,Hou,SF,False,True,False,False,False,220,,,27.5,4.4,10.4,1.6,1.9,1.7,3.0,1.7,0.8,0.1,1.1,12.0,3.0,-0.1,1384.0,19.5,False
221,Gradey Dick,Tor,SG,True,False,False,False,False,221,,,29.1,4.4,10.2,1.0,1.2,2.1,3.0,1.6,0.8,0.0,1.1,12.0,3.3,0.6,1384.0,19.8,False
222,Isaac Okoro,Cle,SF,False,True,False,False,False,222,,,26.4,3.1,6.4,1.3,1.9,1.1,2.9,1.7,0.8,0.5,0.7,8.7,0.8,0.0,1383.0,19.2,False
223,Christian Braun,Den,SG,False,False,False,False,False,223,,,22.0,2.9,6.2,1.1,1.6,0.8,3.9,1.6,0.6,0.4,0.7,7.7,1.4,0.4,1382.0,17.3,False
224,Saddiq Bey,Wsh,SF,False,False,False,False,True,224,,,27.0,4.2,10.3,2.3,2.7,1.8,4.8,1.7,0.8,0.2,0.9,12.6,1.0,0.0,1376.0,22.6,False
225,Nickeil Alexander-Walker,Min,SG,False,False,False,False,False,225,,,22.1,2.9,6.7,0.7,0.9,1.5,2.1,2.4,0.7,0.5,1.0,8.0,1.0,0.2,1373.0,18.1,False
226,Dyson Daniels,Atl,SG,False,False,True,False,False,226,,,21.6,2.2,4.9,0.5,0.8,0.6,3.8,2.6,1.3,0.4,1.0,5.5,1.9,0.5,1355.0,19.1,False
227,Bones Hyland,LAC,PG,False,False,False,False,False,227,,,20.4,3.8,9.7,1.2,1.4,1.9,2.4,3.3,0.8,0.2,1.6,10.7,0.8,0.1,1341.0,20.0,False
228,Kris Dunn,LAC,PG,False,False,False,False,False,228,,,19.7,2.5,5.2,0.5,0.7,0.6,3.0,4.1,1.1,0.4,1.3,6.1,0.4,0.1,1340.0,20.9,False
229,Eric Gordon,Phi,SG,True,False,False,False,False,229,,,25.8,3.8,8.5,1.0,1.3,2.0,1.7,2.0,0.8,0.4,1.1,10.6,1.0,-0.1,1338.0,19.7,False
230,Cason Wallace,OKC,SG,False,False,False,False,False,230,,,20.7,2.6,5.4,0.4,0.5,1.2,2.3,1.5,0.9,0.5,0.5,6.8,1.0,0.0,1337.0,17.6,False
231,Cody Martin,Cha,SG,False,False,False,False,False,231,,,26.4,2.9,7.1,0.8,1.3,0.9,3.9,3.3,1.1,0.6,1.3,7.4,0.4,0.0,1335.0,21.2,False
232,Miles McBride,NYP,G,False,False,False,False,False,232,,,22.8,3.4,7.7,0.8,0.9,1.8,1.7,2.0,0.9,0.1,0.5,9.5,1.5,0.6,1331.0,19.0,False
233,Daniel Theis,NO,C,False,False,False,False,False,233,,,21.4,3.3,6.3,0.8,1.1,0.6,5.1,1.3,0.4,1.0,0.9,8.0,0.6,0.2,1330.0,20.2,False
234,Georges Niang,Cle,PF,False,False,False,False,False,234,,,21.8,3.3,7.4,0.6,0.7,1.9,3.1,1.2,0.4,0.2,0.8,9.1,0.5,0.0,1325.0,16.4,False
235,Bub Carrington,Wsh,PG,False,False,False,False,False,235,,,21.7,3.7,8.7,1.4,1.8,0.4,5.3,2.1,0.8,0.4,1.6,9.1,1.1,0.1,1322.0,18.9,False
236,Drew Eubanks,Utah,C,False,False,False,False,False,236,,,17.6,2.6,4.2,1.1,1.5,0.1,4.9,1.1,0.4,0.9,0.9,6.3,0.3,0.1,1310.0,17.5,False
237,Matisse Thybulle,Por,SF,False,True,False,False,False,237,,,22.8,2.0,4.8,0.4,0.5,1.1,2.2,1.3,1.7,0.8,0.6,5.5,0.7,0.0,1306.0,19.2,False
238,Christian Wood,LAL,PF,False,False,False,False,False,238,,,19.9,3.4,6.9,1.8,2.5,0.9,5.8,1.2,0.4,0.8,1.2,9.4,1.0,-0.1,1303.0,20.0,False
239,Kyle Lowry,Phi,PG,False,False,False,False,False,239,,,25.4,2.5,5.8,1.0,1.2,1.5,3.0,3.9,0.9,0.3,1.3,7.5,1.7,0.0,1302.0,21.0,False
240,Toumani Camara,Por,PF,False,False,False,False,False,240,,,23.3,3.1,6.8,1.5,1.9,1.0,4.6,1.2,0.9,0.4,1.1,8.6,0.4,0.1,1301.0,18.6,False
241,Yves Missi,NO,C,False,False,False,False,False,241,,,21.9,3.3,6.9,1.5,2.3,0.0,5.3,1.1,0.3,1.5,1.4,8.2,0.9,0.2,1297.0,19.1,False
242,Rudy Gay,GSP,F,False,False,False,False,False,242,,,18.0,2.7,6.5,1.0,1.3,1.1,4.1,1.0,0.4,0.3,0.8,7.5,0.5,0.1,796.0,14.5,False
243,Mason Plumlee,Phx,C,False,False,False,False,False,243,,,19.2,2.7,4.3,1.7,2.7,0.0,6.5,2.0,0.5,0.5,1.1,7.1,0.8,-0.1,1285.0,19.5,False
244,Marcus Sasser,Det,PG,False,False,False,False,False,244,,,19.0,3.1,7.2,0.8,0.9,1.3,1.8,3.3,0.6,0.2,1.3,8.3,0.5,0.1,1285.0,17.6,False
245,Monte Morris,Phx,PG,False,False,False,False,False,245,,,20.8,3.0,6.7,0.7,0.9,1.1,2.4,3.4,0.6,0.2,0.6,7.9,0.5,-0.1,1275.0,19.3,False
246,Cameron Payne,NYP,G,False,True,False,False,False,246,,,18.9,3.2,7.4,0.8,1.0,1.4,1.8,3.3,0.6,0.2,1.1,8.6,0.7,0.1,1270.0,18.1,False
247,Alec Burks,Mia,SG,False,False,False,False,False,247,,,20.2,3.3,8.7,2.4,2.8,1.9,2.7,1.7,0.6,0.2,0.8,10.9,0.5,0.0,1264.0,18.1,False
248,Isaiah Collier,Utah,PG,False,False,False,False,False,248,,,17.9,3.1,7.2,1.4,1.9,0.7,2.3,3.4,1.0,0.3,1.9,8.3,0.6,0.1,1264.0,18.1,False
249,Ben Simmons,Bkn,PG,False,False,False,False,True,249,,,25.2,3.0,5.3,0.5,1.2,0.0,7.0,5.9,1.1,0.6,2.1,6.6,13.5,3.2,1262.0,28.0,False
250,Taurean Prince,Mil,SF,False,False,False,False,False,250,,,24.5,3.1,6.9,0.8,1.0,1.7,2.7,1.4,0.7,0.4,0.9,8.6,0.5,0.0,1249.0,17.3,False
251,Isaiah Jackson,Ind,PF,False,False,False,True,False,251,,,13.5,2.6,4.1,1.3,1.8,0.0,4.1,0.8,0.6,1.1,0.7,6.5,0.7,0.0,1240.0,18.2,False
252,Nicolas Batum,LAC,PF,False,False,False,False,False,252,,,24.0,1.9,4.3,0.3,0.4,1.3,4.0,1.9,0.8,0.6,0.6,5.4,0.6,-0.1,1239.0,18.2,False
253,Guerschon Yabusele,Phi,PF,False,False,False,False,False,253,,,19.6,2.9,6.2,1.4,1.9,0.5,4.9,1.3,0.6,0.7,1.1,7.6,0.6,0.3,1236.0,17.7,False
254,John Konchar,Mem,SG,True,False,False,False,False,254,,,20.8,1.7,3.9,0.4,0.5,0.7,4.6,1.8,0.9,0.7,0.7,4.5,0.3,0.0,1227.0,17.8,False
255,Kyle Filipowski,Utah,PF,False,False,False,False,False,255,,,15.2,2.8,6.3,1.9,2.6,1.2,4.2,1.6,0.7,0.5,1.0,8.8,1.0,-0.1,1226.0,18.9,False
256,Ja'Kobe Walter,Tor,SG,False,False,False,False,False,256,,,21.2,3.3,7.7,0.9,1.1,1.4,3.4,1.7,0.7,0.3,0.9,8.9,0.4,0.0,1224.0,18.0,False
257,Simone Fontecchio,Det,SF,False,False,False,False,False,257,,,22.3,3.4,7.7,0.8,1.0,1.8,3.2,1.3,0.6,0.3,1.0,9.4,0.5,0.1,1215.0,17.6,False
258,Jarred Vanderbilt,LAL,PF,False,False,False,False,False,258,,,21.8,2.5,4.6,1.0,1.5,0.3,5.9,1.6,1.2,0.2,1.1,6.2,21.4,-9.5,1208.0,18.9,False
259,Delon Wright,Mil,PG,False,True,False,False,False,259,,,18.0,1.8,4.3,0.8,1.0,0.6,2.3,2.8,1.3,0.3,0.5,5.0,0.4,0.0,1196.0,18.1,False
260,Jonathan Isaac,Orl,PF,False,False,False,False,False,260,,,15.6,2.5,4.9,1.0,1.4,0.7,4.5,0.5,0.8,1.2,0.5,6.7,2.2,-0.2,1193.0,19.6,False
261,Jose Alvarado,NOP,G,False,False,False,False,False,261,,,18.8,2.7,6.5,0.7,1.0,1.3,2.3,2.4,1.1,0.2,0.9,7.4,0.7,0.0,1191.0,17.8,False
262,Danilo Gallinari,FAP,F,True,False,False,False,False,262,,,17.5,2.5,5.8,1.8,2.1,1.0,3.1,1.3,0.3,0.1,0.5,7.9,0.2,0.0,,14.1,False
263,Isaiah Joe,OKC,SG,False,False,False,False,False,263,,,18.1,2.7,6.1,0.7,0.8,1.9,2.2,1.2,0.6,0.2,0.6,8.0,0.4,0.1,1181.0,15.7,False
264,Lonnie Walker IV,Bos,SG,False,False,False,False,False,264,,,19.2,3.8,8.9,1.0,1.3,1.8,2.2,1.4,0.6,0.3,0.9,10.4,0.6,0.0,1179.0,17.3,False
265,Larry Nance Jr.,Atl,PF,False,False,False,True,False,265,,,17.8,2.1,3.7,0.7,0.9,0.4,4.5,1.6,0.8,0.3,0.7,5.3,0.5,-0.1,1167.0,16.7,False
266,Goga Bitadze,Orl,C,False,False,False,False,False,266,,,14.9,2.0,3.5,0.9,1.4,0.1,4.4,1.2,0.5,1.1,0.7,5.1,0.2,0.0,1162.0,17.1,False
267,Trey Lyles,Sac,PF,False,False,False,False,False,267,,,19.1,2.8,6.2,1.6,2.0,1.2,4.5,1.1,0.3,0.4,0.8,8.4,0.1,0.0,1161.0,16.6,False
268,Malik Beasley,Det,SG,False,False,False,False,False,268,,,23.7,3.5,8.2,0.4,0.5,2.4,3.0,1.2,0.6,0.1,0.6,9.7,1.3,-0.2,1403.0,17.8,False
269,Pat Connaughton,Mil,SG,True,False,False,False,False,269,,,22.6,2.2,5.2,0.6,0.8,1.3,3.5,1.9,0.6,0.2,0.6,6.3,0.3,0.0,1148.0,15.9,False
270,Davion Mitchell,Tor,PG,False,False,False,False,False,270,,,22.1,3.0,6.8,0.6,0.8,1.1,1.8,2.8,0.4,0.1,0.9,7.7,0.7,0.1,1143.0,15.4,False
271,Torrey Craig,Chi,PF,True,False,False,False,False,271,,,21.2,2.3,5.3,0.4,0.6,1.2,4.4,1.2,0.6,0.5,0.7,6.3,0.3,0.0,1141.0,16.5,False
272,Xavier Tillman,Bos,PF,False,False,False,True,False,272,,,17.9,2.4,5.0,0.6,1.1,0.3,4.1,1.4,0.9,0.7,0.7,5.6,0.7,-0.1,1138.0,17.0,False
273,Josh Green,Cha,SG,True,False,False,False,False,273,,,25.0,3.1,6.2,0.8,1.1,1.1,3.1,2.0,0.8,0.1,1.0,8.0,0.4,0.0,1135.0,17.5,False
274,Malaki Branham,SAS,G,False,False,False,False,False,274,,,22.8,3.9,9.0,0.8,0.9,1.3,2.3,2.1,0.4,0.1,1.3,9.8,1.3,-0.5,1129.0,15.7,False
275,Mo Bamba,LAC,C,False,False,False,False,False,275,,,15.0,2.1,4.4,0.7,1.0,0.7,4.7,0.8,0.4,1.1,0.7,5.6,0.9,-0.1,1127.0,16.8,False
276,Dalano Banton,Por,PG,False,False,False,False,False,276,,,17.0,3.2,7.9,1.4,1.8,0.9,2.9,2.1,0.6,0.3,1.2,8.7,0.6,-0.1,1120.0,16.0,False
277,Vasilije Micic,Cha,PG,False,True,False,False,False,277,,,26.8,3.6,8.4,1.4,1.7,1.0,2.0,6.0,0.7,0.2,2.3,9.6,2.1,-0.7,1105.0,22.1,False
278,Nikola Jovic,Mia,PF,False,False,False,False,False,278,,,18.8,2.6,5.9,0.8,1.1,1.3,3.9,1.8,0.5,0.3,0.9,7.4,1.3,0.1,1103.0,16.7,False
279,Luke Kornet,Bos,C,False,False,False,False,False,279,,,14.5,2.1,3.0,0.7,0.8,0.0,3.8,1.0,0.3,0.9,0.3,4.9,0.5,0.1,1102.0,16.0,False
280,Mitchell Robinson,NY,C,False,False,False,False,False,280,,,21.4,2.4,3.7,0.8,1.8,0.0,7.3,0.6,0.9,1.2,0.7,5.5,3.2,-0.8,1096.0,21.1,False
281,Rob Dillingham,Min,PG,False,False,False,False,False,281,,,16.8,3.5,8.2,1.0,1.4,1.0,1.9,2.7,0.7,0.1,1.6,9.0,16.7,2.0,1095.0,15.6,False
282,Moses Moody,GSS,G,True,False,False,False,False,282,,,18.5,3.0,6.4,1.1,1.4,1.2,3.0,0.9,0.6,0.3,0.7,8.2,0.6,0.0,1086.0,15.5,False
283,Dario Saric,Den,PF,False,False,False,False,False,283,,,16.3,2.6,5.7,1.2,1.4,1.1,4.2,2.0,0.4,0.1,1.1,7.5,0.3,0.0,1085.0,16.0,False
284,Jaylen Nowell,Wsh,SG,False,False,False,False,False,284,,,17.6,3.7,8.0,1.1,1.4,1.0,2.3,2.0,0.5,0.1,0.8,9.3,0.1,0.0,1084.0,16.4,False
285,James Wiseman,Ind,C,False,False,False,False,False,285,,,17.8,3.3,5.5,1.2,1.7,0.0,5.5,0.8,0.2,0.6,1.1,7.8,0.7,0.0,1084.0,16.4,False
286,Julian Champagnie,SAS,F,False,False,False,False,False,286,,,19.8,2.3,5.6,1.0,1.2,1.4,2.9,1.3,0.6,0.5,0.8,7.0,0.2,0.1,1075.0,15.6,False
287,Jaden Hardy,Dal,SG,False,False,False,False,False,287,,,16.5,3.3,8.0,1.0,1.3,1.3,2.2,1.8,0.4,0.1,1.0,8.9,0.4,0.1,1053.0,14.2,False
288,Jared Butler,Wsh,SG,False,False,False,False,False,288,,,14.2,2.5,5.1,0.8,0.9,0.6,1.5,3.1,0.7,0.2,1.3,6.3,0.3,0.1,1050.0,15.4,False
289,Gary Harris,Orl,SG,False,False,False,False,False,289,,,23.8,2.6,5.9,0.6,0.8,1.5,1.7,1.5,0.9,0.2,0.6,7.3,0.2,0.0,1046.0,15.8,False
290,Dante Exum,Dal,SG,False,False,False,False,False,290,,,19.8,2.9,5.5,0.9,1.2,1.0,2.7,2.9,0.4,0.1,0.9,7.8,0.2,0.0,1037.0,17.6,False
291,Oshae Brissett,FAP,F,False,False,False,False,False,291,,,,,,,,,,,,,,,0.1,0.0,,,False
292,Kenrich Williams,OKC,SF,False,False,False,False,False,292,,,16.8,2.3,4.7,0.2,0.4,0.9,3.5,1.5,0.6,0.2,0.5,5.6,0.3,-0.1,1032.0,14.7,False
293,Quentin Grimes,Dal,SG,False,False,False,False,False,293,,,22.5,2.8,6.9,0.8,1.0,1.7,2.3,1.5,0.7,0.2,0.7,8.1,0.4,0.0,1030.0,15.8,False
294,Jaxson Hayes,LAL,C,False,False,False,False,False,294,,,16.6,2.4,3.5,1.1,1.7,0.0,3.9,0.6,0.6,0.6,0.8,5.9,0.3,0.0,1030.0,14.9,False
295,Jake LaRavia,Mem,PF,False,False,False,False,False,295,,,19.7,2.7,6.9,1.9,2.3,1.3,3.1,1.3,0.7,0.3,1.1,8.5,0.2,0.0,1028.0,15.3,False
296,Kris Murray,Por,PF,False,False,False,False,False,296,,,22.3,2.4,6.1,0.6,0.9,0.8,3.7,1.3,0.9,0.3,0.9,6.1,0.4,0.0,1019.0,14.6,False
297,Joe Ingles,Min,SF,False,False,False,False,False,297,,,18.5,1.7,3.9,0.4,0.5,1.2,2.2,3.1,0.6,0.1,1.0,5.0,0.3,0.0,1018.0,14.8,False
298,Jared McCain,Phi,SG,False,False,False,False,False,298,,,16.7,2.2,5.1,1.0,1.1,1.0,3.4,1.7,0.7,0.3,1.3,6.2,6.0,0.1,1014.0,14.5,False
299,Trendon Watford,Bkn,PF,False,False,False,False,False,299,,,,,,,,,,,,,,,0.1,0.0,,,False
300,Chris Boucher,,,False,False,False,False,False,300,,,15.5,2.5,4.9,1.5,1.9,0.7,4.5,0.4,0.4,0.6,0.6,7.0,0.4,-0.1,1013.0,15.3,False
301,Sam Merrill,Cle,SG,False,False,False,False,False,301,,,17.3,2.6,6.4,0.5,0.5,2.3,2.0,1.7,0.3,0.1,0.3,7.9,0.1,0.0,1011.0,15.3,False
302,Gary Payton II,GSS,G,False,False,False,False,False,302,,,16.1,2.4,4.2,0.4,0.6,0.5,2.8,1.1,1.0,0.4,0.6,5.7,0.4,0.0,993.0,16.0,False
303,Dean Wade,Cle,PF,False,False,False,False,False,303,,,20.4,1.8,4.2,0.4,0.5,1.3,3.8,0.8,0.7,0.4,0.4,5.2,0.2,0.0,992.0,14.8,False
304,Johnny Davis,Wsh,SG,False,False,False,False,False,304,,,,,,,,,,,,,,,0.1,0.0,,,False
305,Jae'Sean Tate,Hou,SF,False,False,False,False,False,305,,,17.9,2.3,4.7,0.7,1.0,0.4,3.4,1.4,0.7,0.3,0.8,5.6,0.2,0.0,980.0,14.2,False
306,Thomas Bryant,Mia,C,False,False,False,False,False,306,,,13.9,2.8,4.7,1.2,1.5,0.2,4.3,0.6,0.3,0.5,0.6,7.0,0.2,0.0,978.0,15.3,False
307,Bol Bol,Phx,PF,False,False,False,True,False,307,,,14.3,2.7,4.6,0.6,0.8,0.5,4.0,0.6,0.3,0.8,0.8,6.5,2.0,-0.2,978.0,15.5,False
308,Devonte' Graham,Por,PG,False,False,False,False,False,308,,,18.4,2.3,6.4,1.0,1.3,1.6,1.8,2.7,0.6,0.2,0.9,7.3,0.1,0.0,972.0,15.4,False
309,Gabe Vincent,LAL,PG,False,False,False,False,False,309,,,23.1,2.6,6.7,0.6,0.7,1.2,1.6,2.3,0.9,0.1,1.0,6.9,0.4,0.0,971.0,14.5,False
310,Maxi Kleber,Dal,PF,False,False,False,False,False,310,,,21.7,1.7,4.0,0.8,1.1,0.9,3.7,1.5,0.4,0.8,0.7,5.1,0.2,0.0,956.0,15.2,False
311,Aaron Holiday,Hou,PG,False,False,False,False,False,311,,,15.8,2.2,5.0,0.7,0.8,1.0,1.5,1.8,0.6,0.1,0.7,6.1,0.1,0.0,956.0,12.9,False
312,Ochai Agbaji,Tor,SF,False,True,False,False,False,312,,,20.9,2.4,5.8,0.6,0.8,0.9,2.6,1.1,0.5,0.5,0.8,6.3,0.2,0.0,955.0,13.3,False
313,KJ Martin,Phi,SF,False,False,False,False,False,313,,,17.3,2.7,4.9,0.8,1.3,0.4,3.2,1.1,0.4,0.3,0.7,6.6,0.5,-0.2,953.0,13.8,False
314,Tristan Vukcevic,Wsh,PF,False,False,False,False,False,314,,,15.6,2.9,6.9,1.7,2.3,1.0,3.7,1.3,0.5,0.7,1.0,8.7,0.1,0.0,953.0,17.3,False
315,GG Jackson II,Mem,PF,False,False,False,False,False,315,,,25.7,5.1,11.7,2.5,3.2,2.2,4.1,1.2,0.6,0.5,1.4,15.0,2.1,-0.2,953.0,23.2,False
316,Mouhamed Gueye,Atl,PF,False,False,False,False,False,316,,,12.2,1.3,3.8,0.8,1.0,0.5,3.7,0.7,0.8,0.7,0.2,4.0,0.1,0.0,944.0,13.9,False
317,Keon Ellis,Sac,SG,False,False,False,False,False,317,,,15.7,1.7,3.7,0.4,0.6,1.1,2.0,1.4,0.8,0.5,0.6,5.0,0.6,0.2,942.0,14.5,False
318,Noah Clowney,Bkn,PF,False,False,False,False,False,318,,,16.1,2.1,4.0,0.9,1.3,0.5,3.5,0.8,0.3,0.7,0.7,5.7,1.0,0.3,940.0,13.8,False
319,Jaylin Williams,OKC,C,False,False,False,False,False,319,,,13.9,1.5,3.5,0.5,0.7,0.8,3.6,1.6,0.4,0.4,0.5,4.3,0.3,0.0,934.0,13.3,False
320,Dwight Powell,Dal,C,False,False,False,False,False,320,,,15.7,1.7,2.5,1.2,1.7,0.0,3.8,1.2,0.5,0.3,0.6,4.7,0.3,-0.1,930.0,13.5,False
321,Richaun Holmes,Wsh,C,False,False,False,False,True,321,,,15.5,2.6,4.2,0.9,1.2,0.0,4.6,0.6,0.2,0.6,0.7,6.1,0.1,0.0,924.0,14.4,False
322,Jevon Carter,Chi,PG,False,False,False,False,False,322,,,15.8,2.1,5.4,0.1,0.2,1.2,1.3,1.6,0.6,0.3,0.6,5.6,0.1,0.0,923.0,12.5,False
323,Seth Curry,Cha,SG,False,False,True,False,False,323,,,17.9,2.7,6.2,0.8,0.9,1.2,1.8,1.5,0.6,0.1,0.7,7.5,1.6,0.0,913.0,14.0,False
324,Malachi Flynn,SAP,G,False,False,False,False,False,324,,,,,,,,,,,,,,,0.1,0.0,,,False
325,John Wall,Hou,PG,False,False,False,False,False,325,,,22.1,4.0,9.9,2.3,3.3,1.0,2.7,5.2,0.8,0.4,2.3,11.3,0.2,0.0,615.0,22.8,False
326,Ziaire Williams,Bkn,SF,False,False,False,False,False,326,,,19.8,2.8,7.0,1.1,1.3,1.1,3.1,1.3,0.6,0.2,1.2,7.8,0.2,0.0,904.0,13.9,False
327,Josh Christopher,Mia,SG,False,False,False,False,False,327,,,,,,,,,,,,,,,0.1,0.0,,,False
328,Charles Bassey,SA,C,False,False,False,False,False,328,,,11.4,1.9,2.8,0.5,0.7,0.0,4.3,1.0,0.4,0.9,0.8,4.2,0.2,0.0,902.0,14.8,False
329,Amir Coffey,LAC,SG,False,False,False,False,False,329,,,19.8,2.3,4.9,0.9,1.1,0.9,2.0,1.2,0.5,0.2,0.5,6.4,0.4,0.4,898.0,13.0,False
330,Jordan Hawkins,NOS,G,False,False,False,False,False,330,,,17.3,2.8,6.8,1.0,1.2,1.6,2.2,1.0,0.3,0.1,0.6,8.2,0.4,0.0,898.0,13.0,False
331,Patty Mills,Utah,PG,False,True,False,False,False,331,,,21.2,2.9,7.2,0.5,0.6,1.9,1.5,1.7,0.6,0.1,0.8,8.2,0.2,0.0,894.0,14.7,False
332,Jeff Green,Hou,PF,False,False,False,False,False,332,,,18.0,2.4,5.1,1.6,2.0,0.6,2.4,1.0,0.2,0.4,0.7,7.1,0.2,0.0,882.0,12.4,False
333,Damion Lee,Phx,SF,False,False,False,False,False,333,,,20.3,2.7,6.1,1.2,1.3,1.3,3.1,1.2,0.5,0.1,0.9,7.9,0.1,0.0,882.0,14.5,False
334,Usman Garuba,FAP,F,False,False,False,False,False,334,,,,,,,,,,,,,,,0.0,0.0,,,False
335,Josh Okogie,Phx,SF,False,True,False,False,False,335,,,16.2,1.6,3.9,1.4,1.9,0.6,2.7,1.1,0.8,0.4,0.7,5.2,0.1,0.0,846.0,12.8,False
336,Shake Milton,Bkn,SG,False,False,False,False,False,336,,,15.5,2.2,5.1,1.0,1.2,0.5,1.9,1.9,0.4,0.2,0.8,5.9,0.1,0.0,836.0,12.1,False
337,Ricky Council IV,Phi,SG,False,False,False,False,False,337,,,16.2,2.7,5.4,2.7,3.5,0.5,2.6,1.0,0.5,0.1,1.5,8.5,0.2,0.0,830.0,12.2,False
338,Jordan McLaughlin,Sac,PG,False,False,False,False,False,338,,,12.1,1.3,2.8,0.3,0.4,0.7,1.3,2.2,0.7,0.1,0.4,3.6,0.1,0.0,827.0,12.2,False
339,Terrence Shannon Jr.,Min,SG,False,False,False,False,False,339,,,11.1,2.2,4.8,1.1,1.4,0.6,2.7,0.4,0.6,0.4,0.9,6.0,0.9,0.0,800.0,11.6,False
340,Julian Strawther,Den,SF,False,False,False,False,False,340,,,13.9,2.5,5.6,0.6,0.8,1.3,1.5,1.2,0.4,0.2,0.6,6.8,0.3,0.1,758.0,12.2,False
341,Anthony Black,Orl,PG,False,True,False,False,False,341,,,16.8,1.7,3.6,0.7,1.2,0.6,2.0,1.3,0.5,0.3,0.8,4.6,0.9,-0.1,746.0,10.7,False
342,Chris Duarte,Chi,SG,False,False,False,False,False,342,,,15.0,1.9,4.9,0.7,0.9,0.9,2.1,1.0,0.5,0.2,0.6,5.5,0.1,0.0,741.0,10.9,False
343,Garrison Mathews,Atl,SG,True,False,False,False,False,343,,,15.8,1.7,3.9,0.7,0.9,1.3,1.5,0.6,0.4,0.1,0.3,5.4,0.1,0.0,732.0,10.2,False
344,Jalen Wilson,Bkn,PF,False,False,False,False,False,344,,,15.5,1.8,4.2,0.9,1.1,0.5,3.1,1.0,0.3,0.1,0.4,5.0,0.2,0.0,722.0,10.6,False
345,Kobe Bufkin,Atl,PG,False,True,False,False,False,345,,,11.6,2.0,5.4,0.2,0.5,0.5,1.9,1.6,0.4,0.3,0.6,4.8,0.3,0.0,715.0,10.4,False
346,P.J. Tucker,LAC,PF,True,False,False,False,False,346,,,21.1,1.2,2.8,0.3,0.3,0.6,3.6,0.9,0.6,0.2,0.5,3.3,0.2,0.0,708.0,11.1,False
347,Ben Sheppard,Ind,SG,False,False,False,False,False,347,,,14.3,1.6,4.0,0.5,0.5,0.9,1.6,0.9,0.6,0.0,0.3,4.6,0.2,0.0,706.0,9.9,False
348,AJ Griffin,FAS,F,False,False,False,False,False,348,,,15.1,2.4,5.7,0.4,0.4,1.0,1.6,0.7,0.4,0.1,0.5,6.3,0.1,0.0,,10.5,False
349,Cam Reddish,LAL,SF,False,True,False,False,False,349,,,17.3,1.8,4.5,0.9,1.1,0.7,1.7,0.9,0.8,0.2,0.6,5.2,0.3,0.0,674.0,11.0,False
350,Jalen McDaniels,Sac,PF,False,False,False,False,False,350,,,14.2,1.9,4.7,0.8,1.0,0.4,2.3,1.0,0.5,0.2,0.7,4.9,0.2,0.0,672.0,9.9,False
351,Jarace Walker,Ind,PF,False,False,False,False,False,351,,,10.3,1.4,3.3,0.3,0.3,0.6,1.9,1.2,0.5,0.3,0.5,3.6,0.5,0.0,669.0,10.1,False
352,Saben Lee,FAP,G,False,False,False,False,False,352,,,11.6,1.4,3.6,1.4,1.9,0.2,1.7,2.0,0.6,0.1,0.6,4.4,0.0,0.0,,10.7,False
353,David Nwaba,OKC,SG,False,False,False,False,False,353,,,,,,,,,,,,,,,0.0,0.0,,,False
354,Rayan Rupert,Por,SG,False,False,False,False,False,354,,,16.7,1.8,5.1,0.8,1.1,0.8,2.4,1.6,0.3,0.1,0.8,5.3,0.0,0.0,652.0,10.0,False
355,Alex Len,Sac,C,False,False,False,False,False,355,,,10.7,1.3,2.4,0.6,1.0,0.0,3.0,1.0,0.2,0.6,0.7,3.4,0.1,0.0,648.0,10.1,False
356,Garrett Temple,Tor,SG,False,False,False,False,False,356,,,13.8,1.4,3.7,0.4,0.6,0.7,1.8,1.0,0.6,0.2,0.5,3.9,0.0,0.0,633.0,9.6,False
357,Jeremiah Robinson-Earl,NOP,F,False,False,False,True,False,357,,,12.4,1.6,3.6,0.5,0.6,0.5,2.9,0.7,0.4,0.2,0.5,4.2,0.1,0.0,628.0,10.0,False
358,Nick Smith Jr.,Cha,SG,False,False,False,False,False,358,,,14.2,2.2,5.7,0.3,0.3,1.3,1.4,1.2,0.2,0.1,0.8,6.0,0.2,0.0,622.0,9.3,False
359,Max Christie,LAL,SG,False,False,False,False,False,359,,,13.8,1.4,3.4,0.5,0.6,0.6,2.1,0.8,0.3,0.2,0.5,4.0,0.3,0.1,589.0,8.7,False
360,Jalen Hood-Schifino,LAL,SG,False,False,False,False,False,360,,,11.3,2.0,4.7,1.5,2.1,0.5,1.3,0.8,0.3,0.2,0.9,6.0,0.2,0.0,555.0,8.3,False
361,Kira Lewis Jr.,Wsh,PG,False,False,False,False,False,361,,,11.1,1.7,4.3,0.6,0.7,0.4,1.3,1.4,0.4,0.1,0.7,4.5,0.0,0.0,551.0,8.6,False
362,Jericho Sims,NY,C,False,False,False,False,False,362,,,13.7,1.0,1.4,0.3,0.5,0.0,3.7,0.5,0.2,0.5,0.4,2.3,0.3,0.0,627.0,9.5,False
363,Chuma Okeke,NYP,F,False,False,False,False,False,363,,,12.8,1.3,3.5,0.2,0.3,0.7,2.4,0.7,0.4,0.2,0.4,3.5,0.1,0.0,543.0,8.6,False
364,Caleb Houstan,Orl,SF,False,False,False,False,False,364,,,14.2,1.3,3.5,0.3,0.4,1.2,1.5,0.5,0.3,0.1,0.3,4.2,0.0,0.0,541.0,8.0,False
365,Markelle Fultz,FAP,G,False,True,False,False,False,365,,,24.5,4.5,9.2,1.1,1.5,0.3,3.5,4.1,1.2,0.4,1.7,10.5,0.7,-0.2,,25.0,False
366,T.J. Warren,NYS,F,False,False,False,False,False,366,,,15.8,3.0,6.1,0.6,0.8,0.5,2.8,0.9,0.5,0.3,0.5,7.1,0.1,0.0,467.0,14.2,False
367,DeAndre Jordan,Den,C,False,False,False,False,False,367,,,12.1,1.8,2.7,0.6,1.3,0.0,4.7,0.7,0.2,0.5,0.8,4.2,0.2,0.0,504.0,11.7,False
368,TyTy Washington Jr.,Phx,PG,False,False,False,False,False,368,,,,,,,,,,,,,,,0.1,0.0,,,False
369,James Johnson,Ind,PF,False,False,False,False,False,369,,,15.1,1.9,4.0,0.4,0.7,0.3,2.7,1.6,0.4,0.5,0.6,4.4,0.1,0.0,494.0,12.4,False
370,Andre Jackson Jr.,Mil,SG,True,False,False,False,False,370,,,10.1,0.8,1.8,0.1,0.2,0.3,2.0,0.9,0.3,0.1,0.5,2.1,0.1,0.0,440.0,6.6,False
371,Bronny James,LAL,PG,False,False,False,False,False,371,,,10.1,1.3,3.2,0.6,0.7,0.7,2.3,1.7,0.7,0.3,1.3,3.8,17.7,0.2,430.0,10.8,False
372,James Nnaji,Cha,C,False,False,False,False,False,372,,,,,,,,,,,,,,,0.0,0.0,,,False
373,Olivier-Maxence Prosper,Dal,PF,False,False,False,False,False,373,,,8.4,1.0,2.6,0.7,1.0,0.3,2.0,0.6,0.2,0.1,0.2,3.0,0.1,0.0,418.0,6.4,False
374,Kobe Brown,LAC,PF,False,False,False,False,False,374,,,8.9,0.9,2.0,0.0,0.0,0.4,1.4,0.6,0.3,0.1,0.2,2.1,0.1,0.0,378.0,5.9,False
375,Dariq Whitehead,Bkn,SF,False,False,False,False,False,375,,,12.0,0.5,2.5,0.5,1.0,0.0,2.0,1.5,0.0,0.5,0.0,1.5,0.1,0.0,376.0,6.6,False
376,Colby Jones,Sac,SG,False,False,False,False,False,376,,,6.9,1.0,2.6,0.2,0.4,0.1,1.5,0.7,0.3,0.2,0.4,2.4,0.1,0.0,370.0,5.9,False
377,Jordan Walsh,Bos,SF,False,False,False,False,False,377,,,9.2,0.7,1.7,0.1,0.2,0.2,2.2,0.6,0.6,0.1,0.3,1.7,0.4,0.0,363.0,7.1,False
378,PJ Dozier,Min,PG,False,False,False,False,False,378,,,10.0,1.1,3.3,0.2,0.3,0.4,1.8,1.0,0.5,0.2,0.5,2.8,0.1,0.0,344.0,7.6,False
379,Jalen Pickett,Den,SG,False,False,True,False,False,379,,,6.1,0.8,1.8,0.1,0.2,0.5,0.7,1.1,0.2,0.0,0.5,2.2,0.1,0.0,313.0,5.0,False
380,Julian Phillips,Chi,SF,False,False,False,False,False,380,,,8.0,0.8,1.9,0.3,0.5,0.3,0.9,0.3,0.2,0.2,0.2,2.2,0.1,0.0,291.0,4.7,False
381,Jaylen Clark,Min,SG,False,False,False,False,False,381,,,,,,,,,,,,,,,0.0,0.0,,,False
382,Emoni Bates,Cle,SF,False,False,False,False,False,382,,,9.0,1.0,3.3,0.1,0.3,0.7,0.9,0.7,0.1,0.1,0.5,2.8,0.2,0.0,252.0,4.0,False
383,Hunter Tyson,Den,SF,False,False,False,False,False,383,,,6.2,1.1,2.6,0.0,0.0,0.5,1.2,0.3,0.1,0.0,0.3,2.6,0.1,0.0,249.0,4.3,False
384,Tarik Biberovic,Mem,PF,False,False,False,False,False,384,,,,,,,,,,,,,,,0.0,0.0,,,False
385,Leonard Miller,Min,SF,False,False,False,False,False,385,,,3.2,0.6,1.2,0.1,0.1,0.1,1.2,0.5,0.1,0.1,0.1,1.3,0.2,0.0,246.0,4.2,False
386,Jalen Slawson,Orl,SF,False,False,False,False,False,386,,,3.1,0.3,0.5,0.0,0.0,0.0,0.6,0.2,0.1,0.1,0.2,0.7,0.0,0.0,25.0,2.1,False
387,Mojave King,Ind,SG,False,False,False,False,False,387,,,,,,,,,,,,,,,0.0,0.0,,,False
388,Edmond Sumner,Cha,SG,False,False,False,False,False,388,,,13.9,2.4,5.1,1.8,2.0,0.6,1.5,1.3,0.6,0.2,0.9,7.1,0.0,0.0,529.0,12.6,False
389,Jett Howard,Orl,SF,False,True,False,False,False,389,,,3.6,0.6,1.7,0.1,0.2,0.4,0.4,0.3,0.1,0.1,0.2,1.6,0.2,0.0,185.0,2.8,False
390,Maxwell Lewis,LAL,SF,False,False,False,False,False,390,,,8.3,0.7,1.7,0.1,0.2,0.2,0.3,0.5,0.2,0.1,0.8,1.8,0.1,0.0,165.0,2.6,False
391,Chris Livingston,Mil,SF,False,False,False,False,False,391,,,4.3,0.5,1.1,0.2,0.2,0.1,1.0,0.2,0.1,0.0,0.2,1.2,0.1,0.0,161.0,2.6,False
392,Keyontae Johnson,Cha,SF,False,False,False,False,False,392,,,7.4,0.6,1.8,0.0,0.0,0.1,1.1,0.4,0.1,0.0,0.4,1.2,0.0,0.0,129.0,2.1,False
393,Aleksej Pokusevski,FAP,F,False,False,False,True,False,393,,,17.8,2.5,6.0,0.8,1.2,0.9,4.1,1.7,0.6,0.7,1.1,6.7,0.1,0.0,,16.7,False
394,Seth Lundy,Atl,SG,False,False,False,False,False,394,,,5.8,0.4,1.9,0.3,0.4,0.3,0.8,0.0,0.0,0.0,0.1,1.5,0.0,0.0,92.0,1.4,False
395,Jordan Miller,LAC,SF,False,False,False,False,False,395,,,3.5,0.5,1.1,0.2,0.3,0.1,0.6,0.0,0.0,0.0,0.1,1.4,0.1,0.0,88.0,1.7,False
396,Isaiah Wong,FAP,G,False,False,False,False,False,396,,,,,,,,,,,,,,,0.0,0.0,,,False
397,Brice Sensabaugh,Utah,SF,False,False,False,False,False,397,,,18.9,2.8,7.1,1.2,1.3,1.2,3.3,1.8,0.4,0.2,1.5,7.9,0.2,0.0,918.0,13.7,False
398,Gordon Hayward,FAS,F,False,False,False,False,False,398,,,,,,,,,,,,,,,0.3,-0.1,,,False
399,Raul Neto,Cle,PG,False,False,False,False,False,399,,,18.2,2.7,5.7,1.1,1.4,0.5,1.8,2.9,0.7,0.0,1.0,6.9,0.1,0.0,991.0,15.0,False
400,Tristan Thompson,Cle,C,False,False,False,False,True,400,,,12.7,1.8,3.2,0.6,1.4,0.0,4.0,0.9,0.3,0.3,0.7,4.2,0.1,0.0,540.0,10.6,False
401,Kemba Walker,FAP,G,False,False,False,False,False,401,,,25.0,3.9,9.8,1.6,1.9,1.9,2.9,3.5,0.7,0.2,1.2,11.4,0.1,0.0,,22.2,False
402,Justin Holiday,FAS,G,True,False,False,False,False,402,,,17.7,2.0,4.8,0.2,0.2,1.3,1.5,1.2,0.6,0.3,0.4,5.4,0.2,-0.1,,12.5,False
403,James Bouknight,FAS,G,False,False,False,False,False,403,,,13.2,1.9,5.3,0.7,0.9,0.8,1.9,1.1,0.3,0.1,0.8,5.3,0.0,0.0,,8.5,False
404,Michael Carter-Williams,Orl,PG,False,False,False,False,False,404,,,,,,,,,,,,,,,0.0,0.0,0.0,,False
405,Thaddeus Young,FAP,F,False,False,False,False,False,405,,,14.4,2.1,3.8,0.3,0.6,0.1,3.3,1.6,0.9,0.2,0.7,4.7,0.3,-0.1,,14.4,False
406,Terrence Ross,Phx,SG,False,False,False,False,False,406,,,22.6,3.4,8.5,1.5,1.8,1.3,2.5,1.8,0.5,0.2,1.1,9.7,0.1,0.0,997.0,15.8,False
407,Blake Griffin,Bos,PF,False,False,False,False,False,407,,,16.6,2.2,5.2,0.9,1.3,0.6,4.0,1.8,0.5,0.2,0.6,6.1,0.2,0.0,787.0,14.8,False
408,Reggie Bullock Jr.,FAS,F,False,True,False,False,False,408,,,21.2,1.8,4.5,0.2,0.3,1.4,2.8,0.9,0.5,0.2,0.4,5.3,0.2,-0.1,,12.4,False
409,Terence Davis,Mil,SG,False,False,False,False,False,409,,,16.3,3.3,7.8,1.0,1.2,1.6,2.8,1.2,0.8,0.3,1.0,9.1,0.0,0.0,625.0,16.9,False
410,Bismack Biyombo,FA,C,False,False,False,False,False,410,,,17.1,2.0,3.4,0.6,1.4,0.0,4.8,1.1,0.3,1.1,0.9,4.5,0.1,-0.1,,15.2,False
411,Facundo Campazzo,Dal,PG,False,False,False,False,False,411,,,17.9,1.6,4.5,0.9,1.2,0.9,1.8,3.3,1.0,0.3,1.0,5.0,0.0,0.0,859.0,15.9,False
412,Ricky Rubio,Cle,PG,False,False,False,False,False,412,,,,,,,,,,,,,,,0.0,0.0,0.0,,False
413,Mike Muscala,OKC,C,False,False,False,False,False,413,,,0.0,0.0,0.0,0.0,0.0,0.0,0.0,0.0,0.0,0.0,0.0,0.0,0.1,0.0,0.0,0.0,False
414,Andre Iguodala,GSS,F,False,False,False,False,False,414,,,,,,,,,,,,,,,0.1,0.0,0.0,,False
415,Evan Fournier,FAS,G,True,False,False,False,False,415,,,21.6,3.2,8.4,0.8,1.1,1.7,2.1,1.7,0.9,0.2,0.9,9.0,0.1,0.0,,16.7,False
416,Gorgui Dieng,SA,C,False,False,False,False,False,416,,,,,,,,,,,,,,,0.0,0.0,0.0,,False
417,Will Barton,Tor,SF,False,False,False,False,False,417,,,29.7,5.0,11.6,1.3,1.6,2.0,4.4,3.6,0.7,0.4,1.6,13.4,0.3,0.2,1789.0,26.3,False
418,Robin Lopez,FA,C,False,False,False,False,False,418,,,10.5,1.8,3.2,0.5,0.8,0.1,1.9,0.8,0.1,0.3,0.8,4.2,0.1,0.0,,7.8,False
419,Khem Birch,SA,C,False,False,False,False,False,419,,,17.2,1.7,3.5,0.9,1.2,0.0,4.1,1.0,0.5,0.5,0.5,4.3,0.0,0.0,625.0,13.0,False
420,JaMychal Green,GSP,F,False,False,False,False,False,420,,,15.8,2.4,4.8,1.1,1.3,0.5,4.1,0.9,0.6,0.4,0.9,6.4,0.2,0.0,960.0,14.8,False
421,Robert Covington,FAP,F,True,False,False,False,False,421,,,19.3,2.1,4.8,0.7,0.9,1.1,3.9,1.1,1.2,0.8,0.7,6.0,0.2,-0.1,,19.0,False
422,Doug McDermott,FAS,F,False,False,False,False,False,422,,,17.3,2.8,6.2,0.4,0.6,1.7,1.5,1.2,0.2,0.1,0.6,7.7,0.0,0.0,,12.4,False
423,Jae Crowder,FAP,F,True,False,False,False,False,423,,,23.8,2.5,6.0,0.7,0.9,1.3,3.8,1.5,0.9,0.3,0.5,7.1,0.3,-0.1,,17.9,False
424,Victor Oladipo,FAS,G,False,False,False,False,False,424,,,24.4,4.1,9.4,1.5,2.1,1.7,3.0,3.5,1.0,0.2,2.0,11.4,0.3,-0.1,,22.1,False
425,Kendrick Nunn,Wsh,SG,False,False,False,False,False,425,,,13.8,2.7,6.4,0.5,0.6,1.1,1.6,1.3,0.4,0.1,0.9,7.1,0.1,0.0,648.0,11.6,False
426,Joe Harris,FAS,F,False,False,False,False,False,426,,,19.9,2.5,5.6,0.2,0.3,1.8,2.2,1.2,0.4,0.2,0.6,7.0,0.1,0.0,,14.0,False
427,Landry Shamet,NYS,G,False,False,False,False,False,427,,,18.0,2.7,6.6,0.9,1.1,1.5,1.5,1.5,0.5,0.2,0.7,7.8,0.2,0.0,660.0,13.8,False
428,Dewayne Dedmon,Phi,C,False,False,False,False,False,428,,,15.3,2.4,4.3,1.1,1.5,0.3,5.5,0.7,0.3,0.6,1.0,6.2,0.0,0.0,924.0,15.1,False
429,Juan Toscano-Anderson,FAS,F,False,False,False,False,False,429,,,13.3,1.4,3.0,0.5,0.8,0.3,2.4,1.6,0.5,0.2,0.8,3.7,0.0,0.0,,10.3,False
430,Marcus Morris Sr.,FAP,F,False,False,False,False,False,430,,,22.6,3.5,8.1,1.1,1.3,1.4,3.4,1.3,0.5,0.3,0.8,9.4,0.1,0.0,,17.1,False
431,Danny Green,Phi,SF,False,True,False,False,False,431,,,21.5,2.0,5.1,0.2,0.2,1.6,2.5,1.0,0.9,0.6,0.7,5.8,0.1,0.0,805.0,15.5,False
432,Bryn Forbes,Min,SG,False,False,False,False,False,432,,,16.6,2.9,6.9,1.0,1.1,1.6,1.2,1.0,0.3,0.1,0.7,8.4,0.0,0.0,799.0,12.3,False
433,Jarrett Culver,Orl,SG,False,False,False,False,False,433,,,9.4,1.4,3.7,0.4,0.9,0.3,1.5,0.9,0.5,0.1,0.6,3.6,0.0,0.0,225.0,7.0,False
434,Stanley Johnson,SAS,F,False,False,False,False,False,434,,,21.8,2.4,5.1,1.1,1.5,0.7,3.2,1.7,0.8,0.3,0.8,6.6,0.0,0.0,701.0,15.9,False
435,Cory Joseph,Orl,PG,False,False,False,False,False,435,,,18.1,2.0,4.7,0.8,1.0,0.9,1.7,2.9,0.4,0.2,0.8,5.7,0.1,0.0,602.0,14.0,False
436,Jordan Goodwin,LAL,PG,False,True,False,False,False,436,,,18.3,2.5,6.3,0.8,1.1,0.7,4.0,2.7,0.9,0.4,1.0,6.5,0.1,0.0,908.0,18.2,False
437,Isaiah Roby,NYP,F,False,False,False,False,False,437,,,19.2,3.3,6.5,1.5,2.3,0.9,4.4,1.5,0.7,0.6,0.9,8.9,0.1,0.0,873.0,19.8,False
438,Moses Brown,NY,C,False,False,False,False,False,438,,,8.7,1.6,2.8,0.7,1.7,0.0,3.8,0.2,0.2,0.4,0.5,3.9,0.0,0.0,260.0,9.0,False
439,Damian Jones,FA,C,False,False,False,False,False,439,,,10.6,1.6,2.5,0.7,0.9,0.1,2.6,0.5,0.2,0.5,0.5,4.0,0.0,0.0,,9.9,False
440,Nerlens Noel,FA,C,False,False,False,False,False,440,,,20.8,1.2,2.4,0.8,1.1,0.0,5.2,0.9,1.2,1.1,0.8,3.2,0.0,0.0,,17.7,False
441,D.J. Wilson,Phi,PF,False,False,False,False,False,441,,,,,,,,,,,,,,,0.0,0.0,0.0,,False
442,Nassir Little,Mia,SF,False,False,False,False,False,442,,,15.0,2.0,4.4,0.6,0.8,0.8,2.5,0.7,0.3,0.4,0.5,5.3,0.1,0.0,525.0,11.2,False
443,Darius Bazley,FAP,F,False,False,False,False,False,443,,,19.9,2.7,6.3,1.2,2.0,0.7,4.5,1.1,0.6,0.9,0.9,7.5,0.0,0.0,,17.6,False
444,Furkan Korkmaz,FAS,G,False,False,False,False,False,444,,,12.0,1.5,3.6,0.7,0.9,0.6,1.4,1.0,0.4,0.1,0.5,4.2,0.0,0.0,,8.3,False
445,Juancho Hernangomez,Tor,PF,False,False,False,False,False,445,,,11.9,1.1,2.7,0.5,0.8,0.6,2.6,0.5,0.4,0.2,0.4,3.3,0.0,0.0,328.0,8.2,False
446,Willy Hernangomez,NO,C,False,False,False,False,False,446,,,16.3,3.3,6.3,2.2,2.8,0.1,6.5,1.2,0.4,0.4,1.0,8.8,0.1,0.0,878.0,18.7,False
447,Serge Ibaka,Ind,C,False,False,False,False,False,447,,,16.0,2.7,5.3,0.6,0.8,0.7,4.5,0.9,0.2,0.6,0.8,6.5,0.1,0.0,684.0,14.9,False
448,Davis Bertans,FAP,F,False,False,False,False,False,448,,,14.0,1.9,4.8,0.5,0.6,1.5,1.5,0.7,0.4,0.2,0.3,5.9,0.3,-0.1,,11.0,False
449,Frank Kaminsky,Phx,C,False,False,False,False,False,449,,,13.4,2.4,4.6,1.1,1.3,0.4,3.0,1.2,0.5,0.4,0.4,6.4,0.0,0.0,214.0,15.3,False
450,Justise Winslow,Tor,SF,False,False,False,False,False,450,,,17.8,2.4,5.7,0.8,1.3,0.3,4.4,2.0,0.8,0.5,1.1,6.0,0.0,0.0,702.0,16.3,False
451,Talen Horton-Tucker,Chi,SG,True,False,False,False,False,451,,,20.8,3.7,9.2,1.8,2.3,1.0,2.8,3.5,0.8,0.4,1.5,10.3,0.5,-0.1,1183.0,20.8,False
452,Patrick Beverley,FAP,G,False,False,False,False,False,452,,,22.8,2.3,5.5,1.0,1.3,1.0,3.5,3.1,0.8,0.5,0.9,6.6,0.5,-0.2,,19.4,False
453,Ish Smith,FAP,G,False,False,False,False,False,453,,,15.0,1.7,4.1,0.1,0.2,0.2,1.7,3.2,0.4,0.2,1.1,3.7,0.0,0.0,,11.3,False
454,JaVale McGee,FA,C,False,False,False,False,False,454,,,9.6,2.2,3.6,0.8,1.2,0.0,3.6,0.4,0.2,0.6,0.9,5.2,0.1,0.0,,11.4,False
455,Justin Jackson,FAS,F,False,False,False,False,False,455,,,4.6,0.3,1.2,0.1,0.1,0.2,0.7,0.4,0.2,0.2,0.1,0.9,0.0,0.0,,3.5,False
456,George Hill,Ind,PG,False,False,False,False,False,456,,,22.3,2.1,4.8,1.1,1.2,0.8,2.7,2.3,0.7,0.1,0.8,6.0,0.0,0.0,770.0,14.8,False
457,Hamidou Diallo,FAS,G,False,False,False,False,False,457,,,19.4,4.1,7.7,1.5,2.5,0.2,4.0,1.1,1.1,0.3,1.2,10.0,0.1,0.0,,19.2,False
458,Dennis Smith Jr.,FAP,G,False,False,False,False,False,458,,,20.8,2.8,6.6,1.0,1.4,0.5,2.9,4.0,1.3,0.3,1.3,7.1,0.2,-0.1,,20.9,False
459,Cedi Osman,FAS,F,False,False,False,False,False,459,,,19.0,2.9,6.3,0.8,1.1,1.4,2.4,1.7,0.5,0.1,0.7,8.0,0.1,0.0,,15.3,False
460,Sasha Vezenkov,FAP,F,False,False,False,False,False,460,,,12.2,2.0,4.6,0.3,0.4,1.1,2.3,0.5,0.5,0.2,0.3,5.5,0.0,0.0,,11.4,False
461,Anthony Lamb,GSS,F,False,False,False,False,False,461,,,19.3,2.4,5.1,0.8,1.0,1.2,3.5,1.6,0.5,0.3,0.9,6.8,0.1,0.0,187.0,15.6,False
462,R.J. Hampton,FAP,G,False,False,False,False,False,462,,,18.1,2.4,5.8,1.2,1.7,0.9,2.3,1.6,0.6,0.2,1.1,6.8,0.0,0.0,,12.7,False
463,Austin Rivers,Min,SG,False,False,False,False,False,463,,,21.7,2.1,5.0,0.5,0.7,1.1,1.7,1.4,0.7,0.1,0.7,5.8,0.1,0.0,784.0,12.3,False
464,Chimezie Metu,FAP,F,False,False,False,True,False,464,,,15.3,2.4,4.7,1.0,1.2,0.5,3.8,0.8,0.7,0.3,0.8,6.3,0.0,0.0,,14.5,False
465,Killian Hayes,Bkn,PG,False,False,False,False,False,465,,,26.0,3.3,8.4,1.0,1.3,0.8,2.9,5.3,1.1,0.4,1.7,8.3,0.6,-0.1,1287.0,23.0,False
466,Danuel House Jr.,FAS,F,False,True,False,False,False,466,,,15.1,1.6,3.5,0.9,1.2,0.6,1.8,0.8,0.4,0.2,0.6,4.7,0.0,0.0,,9.3,False
467,Omer Yurtseven,FA,C,False,False,False,False,False,467,,,11.6,2.1,3.9,0.5,0.7,0.1,4.4,0.6,0.2,0.4,0.7,4.8,0.0,0.0,,11.5,False
468,Amari Bailey,Bkn,SG,False,False,False,False,False,468,,,6.3,0.8,2.4,0.6,0.7,0.1,0.9,0.7,0.3,0.0,0.4,2.3,0.0,0.0,42.0,4.2,False
469,Goran Dragic,Mil,PG,False,False,False,False,False,469,,,0.0,0.0,0.0,0.0,0.0,0.0,0.0,0.0,0.0,0.0,0.0,0.0,0.1,0.0,0.0,0.0,False
470,Sidy Cissoko,SAS,G,False,False,False,False,False,470,,,11.7,1.3,2.8,1.0,1.3,0.1,1.8,0.8,0.6,0.3,0.3,3.8,0.1,0.0,118.0,9.8,False
471,Joshua Primo,FAS,G,False,False,False,False,False,471,,,19.1,2.0,5.3,0.9,1.2,0.8,2.2,1.7,0.4,0.5,1.2,5.6,0.1,0.0,,11.5,False
472,Sterling Brown,LAL,SG,False,False,False,False,False,472,,,12.9,1.2,3.2,0.3,0.3,0.6,3.1,0.7,0.3,0.1,0.5,3.3,0.0,0.0,402.0,8.2,False
473,Derrick Rose,FAP,G,False,False,False,False,False,473,,,,,,,,,,,,,,,0.6,-0.1,,,False
474,Montrezl Harrell,Phi,C,False,False,False,False,False,474,,,21.2,4.5,7.1,2.7,3.8,0.0,5.5,1.8,0.4,0.6,0.9,11.8,0.1,0.1,1637.0,24.1,False
475,Lonzo Ball,Chi,PG,False,False,False,False,False,475,,,,,,,,,,,,,,,7.0,2.0,,,False
476,Thanasis Antetokounmpo,FAS,F,False,False,False,False,False,476,,,,,,,,,,,,,,,0.9,-0.1,,,False
477,Sam Hauser,Bos,SF,False,False,False,False,False,477,,,,,,,,,,,,,,,0.8,0.1,,,False
478,Tidjane Salaun,Cha,PF,False,False,False,False,False,478,,,,,,,,,,,,,,,0.7,0.1,,,False
479,Tristan da Silva,Orl,SF,False,False,False,False,False,479,,,,,,,,,,,,,,,0.5,0.0,,,False
480,Devin Carter,Sac,PG,False,False,False,False,False,480,,,,,,,,,,,,,,,0.5,0.0,,,False
481,Nikola Topic,OKC,PG,False,False,False,False,False,481,,,,,,,,,,,,,,,0.5,0.0,,,False
482,Tyler Kolek,NYP,G,False,False,False,False,False,482,,,,,,,,,,,,,,,0.4,0.1,,,False
483,Tacko Fall,Cle,C,False,False,False,False,False,483,,,,,,,,,,,,,,,0.3,0.0,,,False
484,DaRon Holmes II,Den,PF,False,False,False,True,False,484,,,,,,,,,,,,,,,0.2,0.0,,,False
485,Aaron Wiggins,OKC,SG,False,False,False,False,False,485,,,,,,,,,,,,,,,0.2,0.0,,,False
486,Jabari Walker,Por,PF,False,False,False,False,False,486,,,,,,,,,,,,,,,0.2,0.0,,,False
487,Jaylon Tyson,Cle,SG,False,False,False,False,False,487,,,,,,,,,,,,,,,0.2,0.0,,,False
488,Day'Ron Sharpe,Bkn,C,False,False,False,False,False,488,,,,,,,,,,,,,,,0.2,0.0,,,False
489,AJ Johnson,Mil,SG,False,False,False,False,False,489,,,,,,,,,,,,,,,0.2,0.0,,,False
490,Ryan Dunn,Phx,SF,False,False,False,False,False,490,,,,,,,,,,,,,,,0.2,0.0,,,False
491,Baylor Scheierman,Bos,SG,False,False,False,False,False,491,,,,,,,,,,,,,,,0.2,0.0,,,False
492,Boban Marjanovic,FA,C,False,False,False,False,False,492,,,,,,,,,,,,,,,0.2,0.0,,,False
493,Naji Marshall,Dal,SF,False,False,False,False,False,493,,,,,,,,,,,,,,,0.2,0.0,,,False
494,Karlo Matkovic,NOP,F,False,False,False,False,False,494,,,,,,,,,,,,,,,0.2,0.0,,,False
495,Johnny Furphy,Ind,SG,False,False,False,False,False,495,,,,,,,,,,,,,,,0.2,0.0,,,False
496,Leaky Black,Wsh,SF,False,False,False,False,False,496,,,,,,,,,,,,,,,0.1,0.0,,,False
497,Neemias Queta,Bos,C,False,False,False,False,False,497,,,,,,,,,,,,,,,0.1,0.0,,,False
498,Cody Zeller,Atl,C,False,False,False,False,False,498,,,,,,,,,,,,,,,0.1,0.0,,,False
499,Wang Zhelin,Mem,C,False,False,False,False,False,499,,,,,,,,,,,,,,,0.1,0.0,,,False
500,Tyler Smith,Mil,SF,False,False,False,False,False,500,,,,,,,,,,,,,,,0.1,0.0,,,False
